"HealthTopic","Population","Indicator","Unit","Time","RegionCode","RegionName","NumValue","TxtValue"
"Gonorrhoea","Confirmed cases","Reported cases","N","1990","BG","Bulgaria",5431.000000000,""
"Gonorrhoea","Confirmed cases","Reported cases","N","1990","CZ","Czechia",6463.000000000,""
"Gonorrhoea","Confirmed cases","Reported cases","N","1990","DK","Denmark",1990.000000000,""
"Gonorrhoea","Confirmed cases","Reported cases","N","1990","EE","Estonia",2025.000000000,""
"Gonorrhoea","Confirmed cases","Reported cases","N","1990","EL","Greece",108.000000000,""
"Gonorrhoea","Confirmed cases","Reported cases","N","1990","ES","Spain",13702.000000000,""
"Gonorrhoea","Confirmed cases","Reported cases","N","1990","EU27_21","EU (without UK)",45983.000000000,""
"Gonorrhoea","Confirmed cases","Reported cases","N","1990","EU27_UK_21","EU (with UK until 2019)",64851.000000000,""
"Gonorrhoea","Confirmed cases","Reported cases","N","1990","EUEEA30_21","EU/EEA (without UK)",45983.000000000,""
"Gonorrhoea","Confirmed cases","Reported cases","N","1990","EUEEAUK_21","EU/EEA (with UK until 2019)",64851.000000000,""
"Gonorrhoea","Confirmed cases","Reported cases","N","1990","HU","Hungary",4862.000000000,""
"Gonorrhoea","Confirmed cases","Reported cases","N","1990","LV","Latvia",2653.000000000,""
"Gonorrhoea","Confirmed cases","Reported cases","N","1990","PT","Portugal",164.000000000,""
"Gonorrhoea","Confirmed cases","Reported cases","N","1990","RO","Romania",7751.000000000,""
"Gonorrhoea","Confirmed cases","Reported cases","N","1990","SE","Sweden",834.000000000,""
"Gonorrhoea","Confirmed cases","Reported cases","N","1990","UK","United Kingdom",18868.000000000,""
"Gonorrhoea","Confirmed cases","Reported cases","N","1991","BG","Bulgaria",5811.000000000,""
"Gonorrhoea","Confirmed cases","Reported cases","N","1991","CZ","Czechia",7283.000000000,""
"Gonorrhoea","Confirmed cases","Reported cases","N","1991","DK","Denmark",1331.000000000,""
"Gonorrhoea","Confirmed cases","Reported cases","N","1991","EE","Estonia",2299.000000000,""
"Gonorrhoea","Confirmed cases","Reported cases","N","1991","EL","Greece",117.000000000,""
"Gonorrhoea","Confirmed cases","Reported cases","N","1991","ES","Spain",11428.000000000,""
"Gonorrhoea","Confirmed cases","Reported cases","N","1991","EU27_21","EU (without UK)",42395.000000000,""
"Gonorrhoea","Confirmed cases","Reported cases","N","1991","EU27_UK_21","EU (with UK until 2019)",60434.000000000,""
"Gonorrhoea","Confirmed cases","Reported cases","N","1991","EUEEA30_21","EU/EEA (without UK)",42395.000000000,""
"Gonorrhoea","Confirmed cases","Reported cases","N","1991","EUEEAUK_21","EU/EEA (with UK until 2019)",60434.000000000,""
"Gonorrhoea","Confirmed cases","Reported cases","N","1991","HU","Hungary",4396.000000000,""
"Gonorrhoea","Confirmed cases","Reported cases","N","1991","LV","Latvia",2466.000000000,""
"Gonorrhoea","Confirmed cases","Reported cases","N","1991","PT","Portugal",136.000000000,""
"Gonorrhoea","Confirmed cases","Reported cases","N","1991","RO","Romania",6507.000000000,""
"Gonorrhoea","Confirmed cases","Reported cases","N","1991","SE","Sweden",621.000000000,""
"Gonorrhoea","Confirmed cases","Reported cases","N","1991","UK","United Kingdom",18039.000000000,""
"Gonorrhoea","Confirmed cases","Reported cases","N","1992","BG","Bulgaria",4975.000000000,""
"Gonorrhoea","Confirmed cases","Reported cases","N","1992","CZ","Czechia",7455.000000000,""
"Gonorrhoea","Confirmed cases","Reported cases","N","1992","DK","Denmark",936.000000000,""
"Gonorrhoea","Confirmed cases","Reported cases","N","1992","EE","Estonia",2790.000000000,""
"Gonorrhoea","Confirmed cases","Reported cases","N","1992","EL","Greece",143.000000000,""
"Gonorrhoea","Confirmed cases","Reported cases","N","1992","ES","Spain",9059.000000000,""
"Gonorrhoea","Confirmed cases","Reported cases","N","1992","EU27_21","EU (without UK)",39408.000000000,""
"Gonorrhoea","Confirmed cases","Reported cases","N","1992","EU27_UK_21","EU (with UK until 2019)",52866.000000000,""
"Gonorrhoea","Confirmed cases","Reported cases","N","1992","EUEEA30_21","EU/EEA (without UK)",39408.000000000,""
"Gonorrhoea","Confirmed cases","Reported cases","N","1992","EUEEAUK_21","EU/EEA (with UK until 2019)",52866.000000000,""
"Gonorrhoea","Confirmed cases","Reported cases","N","1992","HU","Hungary",3614.000000000,""
"Gonorrhoea","Confirmed cases","Reported cases","N","1992","LV","Latvia",3309.000000000,""
"Gonorrhoea","Confirmed cases","Reported cases","N","1992","PT","Portugal",94.000000000,""
"Gonorrhoea","Confirmed cases","Reported cases","N","1992","RO","Romania",6558.000000000,""
"Gonorrhoea","Confirmed cases","Reported cases","N","1992","SE","Sweden",475.000000000,""
"Gonorrhoea","Confirmed cases","Reported cases","N","1992","UK","United Kingdom",13458.000000000,""
"Gonorrhoea","Confirmed cases","Reported cases","N","1993","BG","Bulgaria",3146.000000000,""
"Gonorrhoea","Confirmed cases","Reported cases","N","1993","CZ","Czechia",4700.000000000,""
"Gonorrhoea","Confirmed cases","Reported cases","N","1993","DK","Denmark",580.000000000,""
"Gonorrhoea","Confirmed cases","Reported cases","N","1993","EE","Estonia",3535.000000000,""
"Gonorrhoea","Confirmed cases","Reported cases","N","1993","EL","Greece",137.000000000,""
"Gonorrhoea","Confirmed cases","Reported cases","N","1993","ES","Spain",7275.000000000,""
"Gonorrhoea","Confirmed cases","Reported cases","N","1993","EU27_21","EU (without UK)",32668.000000000,""
"Gonorrhoea","Confirmed cases","Reported cases","N","1993","EU27_UK_21","EU (with UK until 2019)",43352.000000000,""
"Gonorrhoea","Confirmed cases","Reported cases","N","1993","EUEEA30_21","EU/EEA (without UK)",33014.000000000,""
"Gonorrhoea","Confirmed cases","Reported cases","N","1993","EUEEAUK_21","EU/EEA (with UK until 2019)",43698.000000000,""
"Gonorrhoea","Confirmed cases","Reported cases","N","1993","HU","Hungary",2617.000000000,""
"Gonorrhoea","Confirmed cases","Reported cases","N","1993","LV","Latvia",4223.000000000,""
"Gonorrhoea","Confirmed cases","Reported cases","N","1993","NO","Norway",346.000000000,""
"Gonorrhoea","Confirmed cases","Reported cases","N","1993","PT","Portugal",78.000000000,""
"Gonorrhoea","Confirmed cases","Reported cases","N","1993","RO","Romania",6009.000000000,""
"Gonorrhoea","Confirmed cases","Reported cases","N","1993","SE","Sweden",368.000000000,""
"Gonorrhoea","Confirmed cases","Reported cases","N","1993","UK","United Kingdom",10684.000000000,""
"Gonorrhoea","Confirmed cases","Reported cases","N","1994","BG","Bulgaria",2460.000000000,""
"Gonorrhoea","Confirmed cases","Reported cases","N","1994","CZ","Czechia",2905.000000000,""
"Gonorrhoea","Confirmed cases","Reported cases","N","1994","DK","Denmark",394.000000000,""
"Gonorrhoea","Confirmed cases","Reported cases","N","1994","EE","Estonia",3089.000000000,""
"Gonorrhoea","Confirmed cases","Reported cases","N","1994","EL","Greece",133.000000000,""
"Gonorrhoea","Confirmed cases","Reported cases","N","1994","ES","Spain",6168.000000000,""
"Gonorrhoea","Confirmed cases","Reported cases","N","1994","EU27_21","EU (without UK)",27508.000000000,""
"Gonorrhoea","Confirmed cases","Reported cases","N","1994","EU27_UK_21","EU (with UK until 2019)",37791.000000000,""
"Gonorrhoea","Confirmed cases","Reported cases","N","1994","EUEEA30_21","EU/EEA (without UK)",27738.000000000,""
"Gonorrhoea","Confirmed cases","Reported cases","N","1994","EUEEAUK_21","EU/EEA (with UK until 2019)",38021.000000000,""
"Gonorrhoea","Confirmed cases","Reported cases","N","1994","HU","Hungary",2351.000000000,""
"Gonorrhoea","Confirmed cases","Reported cases","N","1994","LV","Latvia",3774.000000000,""
"Gonorrhoea","Confirmed cases","Reported cases","N","1994","NO","Norway",230.000000000,""
"Gonorrhoea","Confirmed cases","Reported cases","N","1994","PT","Portugal",55.000000000,""
"Gonorrhoea","Confirmed cases","Reported cases","N","1994","RO","Romania",5872.000000000,""
"Gonorrhoea","Confirmed cases","Reported cases","N","1994","SE","Sweden",307.000000000,""
"Gonorrhoea","Confirmed cases","Reported cases","N","1994","UK","United Kingdom",10283.000000000,""
"Gonorrhoea","Confirmed cases","Reported cases","N","1995","BG","Bulgaria",1994.000000000,""
"Gonorrhoea","Confirmed cases","Reported cases","N","1995","CZ","Czechia",1993.000000000,""
"Gonorrhoea","Confirmed cases","Reported cases","N","1995","DK","Denmark",289.000000000,""
"Gonorrhoea","Confirmed cases","Reported cases","N","1995","EE","Estonia",2882.000000000,""
"Gonorrhoea","Confirmed cases","Reported cases","N","1995","EL","Greece",117.000000000,""
"Gonorrhoea","Confirmed cases","Reported cases","N","1995","ES","Spain",4599.000000000,""
"Gonorrhoea","Confirmed cases","Reported cases","N","1995","EU27_21","EU (without UK)",22881.000000000,""
"Gonorrhoea","Confirmed cases","Reported cases","N","1995","EU27_UK_21","EU (with UK until 2019)",33022.000000000,""
"Gonorrhoea","Confirmed cases","Reported cases","N","1995","EUEEA30_21","EU/EEA (without UK)",23055.000000000,""
"Gonorrhoea","Confirmed cases","Reported cases","N","1995","EUEEAUK_21","EU/EEA (with UK until 2019)",33196.000000000,""
"Gonorrhoea","Confirmed cases","Reported cases","N","1995","HU","Hungary",2161.000000000,""
"Gonorrhoea","Confirmed cases","Reported cases","N","1995","IE","Ireland",91.000000000,""
"Gonorrhoea","Confirmed cases","Reported cases","N","1995","LV","Latvia",2853.000000000,""
"Gonorrhoea","Confirmed cases","Reported cases","N","1995","NO","Norway",174.000000000,""
"Gonorrhoea","Confirmed cases","Reported cases","N","1995","PT","Portugal",51.000000000,""
"Gonorrhoea","Confirmed cases","Reported cases","N","1995","RO","Romania",5605.000000000,""
"Gonorrhoea","Confirmed cases","Reported cases","N","1995","SE","Sweden",246.000000000,""
"Gonorrhoea","Confirmed cases","Reported cases","N","1995","UK","United Kingdom",10141.000000000,""
"Gonorrhoea","Confirmed cases","Reported cases","N","1996","AT","Austria",595.000000000,""
"Gonorrhoea","Confirmed cases","Reported cases","N","1996","BG","Bulgaria",1791.000000000,""
"Gonorrhoea","Confirmed cases","Reported cases","N","1996","CZ","Czechia",1163.000000000,""
"Gonorrhoea","Confirmed cases","Reported cases","N","1996","DK","Denmark",178.000000000,""
"Gonorrhoea","Confirmed cases","Reported cases","N","1996","EE","Estonia",2437.000000000,""
"Gonorrhoea","Confirmed cases","Reported cases","N","1996","EL","Greece",96.000000000,""
"Gonorrhoea","Confirmed cases","Reported cases","N","1996","ES","Spain",3951.000000000,""
"Gonorrhoea","Confirmed cases","Reported cases","N","1996","EU27_21","EU (without UK)",19095.000000000,""
"Gonorrhoea","Confirmed cases","Reported cases","N","1996","EU27_UK_21","EU (with UK until 2019)",31627.000000000,""
"Gonorrhoea","Confirmed cases","Reported cases","N","1996","EUEEA30_21","EU/EEA (without UK)",19319.000000000,""
"Gonorrhoea","Confirmed cases","Reported cases","N","1996","EUEEAUK_21","EU/EEA (with UK until 2019)",31851.000000000,""
"Gonorrhoea","Confirmed cases","Reported cases","N","1996","HU","Hungary",1967.000000000,""
"Gonorrhoea","Confirmed cases","Reported cases","N","1996","IE","Ireland",83.000000000,""
"Gonorrhoea","Confirmed cases","Reported cases","N","1996","LV","Latvia",2099.000000000,""
"Gonorrhoea","Confirmed cases","Reported cases","N","1996","NO","Norway",224.000000000,""
"Gonorrhoea","Confirmed cases","Reported cases","N","1996","PT","Portugal",47.000000000,""
"Gonorrhoea","Confirmed cases","Reported cases","N","1996","RO","Romania",4477.000000000,""
"Gonorrhoea","Confirmed cases","Reported cases","N","1996","SE","Sweden",211.000000000,""
"Gonorrhoea","Confirmed cases","Reported cases","N","1996","UK","United Kingdom",12532.000000000,""
"Gonorrhoea","Confirmed cases","Reported cases","N","1997","AT","Austria",440.000000000,""
"Gonorrhoea","Confirmed cases","Reported cases","N","1997","BG","Bulgaria",1690.000000000,""
"Gonorrhoea","Confirmed cases","Reported cases","N","1997","CZ","Czechia",982.000000000,""
"Gonorrhoea","Confirmed cases","Reported cases","N","1997","DK","Denmark",189.000000000,""
"Gonorrhoea","Confirmed cases","Reported cases","N","1997","EE","Estonia",1969.000000000,""
"Gonorrhoea","Confirmed cases","Reported cases","N","1997","EL","Greece",91.000000000,""
"Gonorrhoea","Confirmed cases","Reported cases","N","1997","ES","Spain",2352.000000000,""
"Gonorrhoea","Confirmed cases","Reported cases","N","1997","EU27_21","EU (without UK)",15453.000000000,""
"Gonorrhoea","Confirmed cases","Reported cases","N","1997","EU27_UK_21","EU (with UK until 2019)",28457.000000000,""
"Gonorrhoea","Confirmed cases","Reported cases","N","1997","EUEEA30_21","EU/EEA (without UK)",15652.000000000,""
"Gonorrhoea","Confirmed cases","Reported cases","N","1997","EUEEAUK_21","EU/EEA (with UK until 2019)",28656.000000000,""
"Gonorrhoea","Confirmed cases","Reported cases","N","1997","HU","Hungary",1604.000000000,""
"Gonorrhoea","Confirmed cases","Reported cases","N","1997","IE","Ireland",98.000000000,""
"Gonorrhoea","Confirmed cases","Reported cases","N","1997","IS","Iceland",5.000000000,""
"Gonorrhoea","Confirmed cases","Reported cases","N","1997","LV","Latvia",1690.000000000,""
"Gonorrhoea","Confirmed cases","Reported cases","N","1997","NO","Norway",194.000000000,""
"Gonorrhoea","Confirmed cases","Reported cases","N","1997","PT","Portugal",52.000000000,""
"Gonorrhoea","Confirmed cases","Reported cases","N","1997","RO","Romania",4045.000000000,""
"Gonorrhoea","Confirmed cases","Reported cases","N","1997","SE","Sweden",251.000000000,""
"Gonorrhoea","Confirmed cases","Reported cases","N","1997","UK","United Kingdom",13004.000000000,""
"Gonorrhoea","Confirmed cases","Reported cases","N","1998","AT","Austria",379.000000000,""
"Gonorrhoea","Confirmed cases","Reported cases","N","1998","BG","Bulgaria",1491.000000000,""
"Gonorrhoea","Confirmed cases","Reported cases","N","1998","CZ","Czechia",899.000000000,""
"Gonorrhoea","Confirmed cases","Reported cases","N","1998","DK","Denmark",211.000000000,""
"Gonorrhoea","Confirmed cases","Reported cases","N","1998","EE","Estonia",1577.000000000,""
"Gonorrhoea","Confirmed cases","Reported cases","N","1998","EL","Greece",147.000000000,""
"Gonorrhoea","Confirmed cases","Reported cases","N","1998","ES","Spain",2169.000000000,""
"Gonorrhoea","Confirmed cases","Reported cases","N","1998","EU27_21","EU (without UK)",14506.000000000,""
"Gonorrhoea","Confirmed cases","Reported cases","N","1998","EU27_UK_21","EU (with UK until 2019)",27651.000000000,""
"Gonorrhoea","Confirmed cases","Reported cases","N","1998","EUEEA30_21","EU/EEA (without UK)",14678.000000000,""
"Gonorrhoea","Confirmed cases","Reported cases","N","1998","EUEEAUK_21","EU/EEA (with UK until 2019)",27823.000000000,""
"Gonorrhoea","Confirmed cases","Reported cases","N","1998","HU","Hungary",1388.000000000,""
"Gonorrhoea","Confirmed cases","Reported cases","N","1998","IE","Ireland",125.000000000,""
"Gonorrhoea","Confirmed cases","Reported cases","N","1998","IS","Iceland",6.000000000,""
"Gonorrhoea","Confirmed cases","Reported cases","N","1998","IT","Italy",329.000000000,""
"Gonorrhoea","Confirmed cases","Reported cases","N","1998","LV","Latvia",1237.000000000,""
"Gonorrhoea","Confirmed cases","Reported cases","N","1998","NO","Norway",166.000000000,""
"Gonorrhoea","Confirmed cases","Reported cases","N","1998","PT","Portugal",31.000000000,""
"Gonorrhoea","Confirmed cases","Reported cases","N","1998","RO","Romania",4166.000000000,""
"Gonorrhoea","Confirmed cases","Reported cases","N","1998","SE","Sweden",357.000000000,""
"Gonorrhoea","Confirmed cases","Reported cases","N","1998","UK","United Kingdom",13145.000000000,""
"Gonorrhoea","Confirmed cases","Reported cases","N","1999","AT","Austria",434.000000000,""
"Gonorrhoea","Confirmed cases","Reported cases","N","1999","BG","Bulgaria",1096.000000000,""
"Gonorrhoea","Confirmed cases","Reported cases","N","1999","CZ","Czechia",944.000000000,""
"Gonorrhoea","Confirmed cases","Reported cases","N","1999","DK","Denmark",334.000000000,""
"Gonorrhoea","Confirmed cases","Reported cases","N","1999","EE","Estonia",1146.000000000,""
"Gonorrhoea","Confirmed cases","Reported cases","N","1999","EL","Greece",124.000000000,""
"Gonorrhoea","Confirmed cases","Reported cases","N","1999","ES","Spain",1467.000000000,""
"Gonorrhoea","Confirmed cases","Reported cases","N","1999","EU27_21","EU (without UK)",12756.000000000,""
"Gonorrhoea","Confirmed cases","Reported cases","N","1999","EU27_UK_21","EU (with UK until 2019)",29144.000000000,""
"Gonorrhoea","Confirmed cases","Reported cases","N","1999","EUEEA30_21","EU/EEA (without UK)",12952.000000000,""
"Gonorrhoea","Confirmed cases","Reported cases","N","1999","EUEEAUK_21","EU/EEA (with UK until 2019)",29340.000000000,""
"Gonorrhoea","Confirmed cases","Reported cases","N","1999","HU","Hungary",1247.000000000,""
"Gonorrhoea","Confirmed cases","Reported cases","N","1999","IE","Ireland",175.000000000,""
"Gonorrhoea","Confirmed cases","Reported cases","N","1999","IS","Iceland",6.000000000,""
"Gonorrhoea","Confirmed cases","Reported cases","N","1999","IT","Italy",287.000000000,""
"Gonorrhoea","Confirmed cases","Reported cases","N","1999","LV","Latvia",1101.000000000,""
"Gonorrhoea","Confirmed cases","Reported cases","N","1999","NO","Norway",190.000000000,""
"Gonorrhoea","Confirmed cases","Reported cases","N","1999","PT","Portugal",26.000000000,""
"Gonorrhoea","Confirmed cases","Reported cases","N","1999","RO","Romania",3951.000000000,""
"Gonorrhoea","Confirmed cases","Reported cases","N","1999","SE","Sweden",424.000000000,""
"Gonorrhoea","Confirmed cases","Reported cases","N","1999","UK","United Kingdom",16388.000000000,""
"Gonorrhoea","Confirmed cases","Reported cases","N","2000","AT","Austria",414.000000000,""
"Gonorrhoea","Confirmed cases","Reported cases","N","2000","BG","Bulgaria",599.000000000,""
"Gonorrhoea","Confirmed cases","Reported cases","N","2000","CZ","Czechia",847.000000000,""
"Gonorrhoea","Confirmed cases","Reported cases","N","2000","DK","Denmark",154.000000000,""
"Gonorrhoea","Confirmed cases","Reported cases","N","2000","EE","Estonia",867.000000000,""
"Gonorrhoea","Confirmed cases","Reported cases","N","2000","EL","Greece",98.000000000,""
"Gonorrhoea","Confirmed cases","Reported cases","N","2000","ES","Spain",1048.000000000,""
"Gonorrhoea","Confirmed cases","Reported cases","N","2000","EU27_21","EU (without UK)",12338.000000000,""
"Gonorrhoea","Confirmed cases","Reported cases","N","2000","EU27_UK_21","EU (with UK until 2019)",33965.000000000,""
"Gonorrhoea","Confirmed cases","Reported cases","N","2000","EUEEA30_21","EU/EEA (without UK)",12601.000000000,""
"Gonorrhoea","Confirmed cases","Reported cases","N","2000","EUEEAUK_21","EU/EEA (with UK until 2019)",34228.000000000,""
"Gonorrhoea","Confirmed cases","Reported cases","N","2000","FI","Finland",271.000000000,""
"Gonorrhoea","Confirmed cases","Reported cases","N","2000","HU","Hungary",1183.000000000,""
"Gonorrhoea","Confirmed cases","Reported cases","N","2000","IE","Ireland",292.000000000,""
"Gonorrhoea","Confirmed cases","Reported cases","N","2000","IS","Iceland",10.000000000,""
"Gonorrhoea","Confirmed cases","Reported cases","N","2000","IT","Italy",289.000000000,""
"Gonorrhoea","Confirmed cases","Reported cases","N","2000","LV","Latvia",745.000000000,""
"Gonorrhoea","Confirmed cases","Reported cases","N","2000","NO","Norway",253.000000000,""
"Gonorrhoea","Confirmed cases","Reported cases","N","2000","PT","Portugal",24.000000000,""
"Gonorrhoea","Confirmed cases","Reported cases","N","2000","RO","Romania",4907.000000000,""
"Gonorrhoea","Confirmed cases","Reported cases","N","2000","SE","Sweden",600.000000000,""
"Gonorrhoea","Confirmed cases","Reported cases","N","2000","UK","United Kingdom",21627.000000000,""
"Gonorrhoea","Confirmed cases","Reported cases","N","2001","AT","Austria",539.000000000,""
"Gonorrhoea","Confirmed cases","Reported cases","N","2001","BG","Bulgaria",461.000000000,""
"Gonorrhoea","Confirmed cases","Reported cases","N","2001","CZ","Czechia",846.000000000,""
"Gonorrhoea","Confirmed cases","Reported cases","N","2001","DK","Denmark",130.000000000,""
"Gonorrhoea","Confirmed cases","Reported cases","N","2001","EE","Estonia",686.000000000,""
"Gonorrhoea","Confirmed cases","Reported cases","N","2001","EL","Greece",177.000000000,""
"Gonorrhoea","Confirmed cases","Reported cases","N","2001","ES","Spain",805.000000000,""
"Gonorrhoea","Confirmed cases","Reported cases","N","2001","EU27_21","EU (without UK)",11617.000000000,""
"Gonorrhoea","Confirmed cases","Reported cases","N","2001","EU27_UK_21","EU (with UK until 2019)",35142.000000000,""
"Gonorrhoea","Confirmed cases","Reported cases","N","2001","EUEEA30_21","EU/EEA (without UK)",11947.000000000,""
"Gonorrhoea","Confirmed cases","Reported cases","N","2001","EUEEAUK_21","EU/EEA (with UK until 2019)",35472.000000000,""
"Gonorrhoea","Confirmed cases","Reported cases","N","2001","FI","Finland",241.000000000,""
"Gonorrhoea","Confirmed cases","Reported cases","N","2001","FR","France",322.000000000,""
"Gonorrhoea","Confirmed cases","Reported cases","N","2001","HU","Hungary",1033.000000000,""
"Gonorrhoea","Confirmed cases","Reported cases","N","2001","IE","Ireland",349.000000000,""
"Gonorrhoea","Confirmed cases","Reported cases","N","2001","IS","Iceland",3.000000000,""
"Gonorrhoea","Confirmed cases","Reported cases","N","2001","IT","Italy",399.000000000,""
"Gonorrhoea","Confirmed cases","Reported cases","N","2001","LV","Latvia",551.000000000,""
"Gonorrhoea","Confirmed cases","Reported cases","N","2001","NO","Norway",327.000000000,""
"Gonorrhoea","Confirmed cases","Reported cases","N","2001","PT","Portugal",24.000000000,""
"Gonorrhoea","Confirmed cases","Reported cases","N","2001","RO","Romania",4529.000000000,""
"Gonorrhoea","Confirmed cases","Reported cases","N","2001","SE","Sweden",525.000000000,""
"Gonorrhoea","Confirmed cases","Reported cases","N","2001","UK","United Kingdom",23525.000000000,""
"Gonorrhoea","Confirmed cases","Reported cases","N","2002","AT","Austria",985.000000000,""
"Gonorrhoea","Confirmed cases","Reported cases","N","2002","BG","Bulgaria",395.000000000,""
"Gonorrhoea","Confirmed cases","Reported cases","N","2002","CZ","Czechia",873.000000000,""
"Gonorrhoea","Confirmed cases","Reported cases","N","2002","DK","Denmark",227.000000000,""
"Gonorrhoea","Confirmed cases","Reported cases","N","2002","EE","Estonia",538.000000000,""
"Gonorrhoea","Confirmed cases","Reported cases","N","2002","EL","Greece",144.000000000,""
"Gonorrhoea","Confirmed cases","Reported cases","N","2002","ES","Spain",833.000000000,""
"Gonorrhoea","Confirmed cases","Reported cases","N","2002","EU27_21","EU (without UK)",10925.000000000,""
"Gonorrhoea","Confirmed cases","Reported cases","N","2002","EU27_UK_21","EU (with UK until 2019)",36300.000000000,""
"Gonorrhoea","Confirmed cases","Reported cases","N","2002","EUEEA30_21","EU/EEA (without UK)",11173.000000000,""
"Gonorrhoea","Confirmed cases","Reported cases","N","2002","EUEEAUK_21","EU/EEA (with UK until 2019)",36548.000000000,""
"Gonorrhoea","Confirmed cases","Reported cases","N","2002","FI","Finland",226.000000000,""
"Gonorrhoea","Confirmed cases","Reported cases","N","2002","FR","France",310.000000000,""
"Gonorrhoea","Confirmed cases","Reported cases","N","2002","HU","Hungary",929.000000000,""
"Gonorrhoea","Confirmed cases","Reported cases","N","2002","IE","Ireland",214.000000000,""
"Gonorrhoea","Confirmed cases","Reported cases","N","2002","IS","Iceland",8.000000000,""
"Gonorrhoea","Confirmed cases","Reported cases","N","2002","IT","Italy",327.000000000,""
"Gonorrhoea","Confirmed cases","Reported cases","N","2002","LV","Latvia",555.000000000,""
"Gonorrhoea","Confirmed cases","Reported cases","N","2002","NO","Norway",240.000000000,""
"Gonorrhoea","Confirmed cases","Reported cases","N","2002","PT","Portugal",42.000000000,""
"Gonorrhoea","Confirmed cases","Reported cases","N","2002","RO","Romania",3806.000000000,""
"Gonorrhoea","Confirmed cases","Reported cases","N","2002","SE","Sweden",521.000000000,""
"Gonorrhoea","Confirmed cases","Reported cases","N","2002","UK","United Kingdom",25375.000000000,""
"Gonorrhoea","Confirmed cases","Reported cases","N","2003","AT","Austria",902.000000000,""
"Gonorrhoea","Confirmed cases","Reported cases","N","2003","BG","Bulgaria",288.000000000,""
"Gonorrhoea","Confirmed cases","Reported cases","N","2003","CZ","Czechia",997.000000000,""
"Gonorrhoea","Confirmed cases","Reported cases","N","2003","DK","Denmark",186.000000000,""
"Gonorrhoea","Confirmed cases","Reported cases","N","2003","EE","Estonia",455.000000000,""
"Gonorrhoea","Confirmed cases","Reported cases","N","2003","EL","Greece",119.000000000,""
"Gonorrhoea","Confirmed cases","Reported cases","N","2003","ES","Spain",1069.000000000,""
"Gonorrhoea","Confirmed cases","Reported cases","N","2003","EU27_21","EU (without UK)",10213.000000000,""
"Gonorrhoea","Confirmed cases","Reported cases","N","2003","EU27_UK_21","EU (with UK until 2019)",35063.000000000,""
"Gonorrhoea","Confirmed cases","Reported cases","N","2003","EUEEA30_21","EU/EEA (without UK)",10457.000000000,""
"Gonorrhoea","Confirmed cases","Reported cases","N","2003","EUEEAUK_21","EU/EEA (with UK until 2019)",35307.000000000,""
"Gonorrhoea","Confirmed cases","Reported cases","N","2003","FI","Finland",184.000000000,""
"Gonorrhoea","Confirmed cases","Reported cases","N","2003","FR","France",419.000000000,""
"Gonorrhoea","Confirmed cases","Reported cases","N","2003","HU","Hungary",898.000000000,""
"Gonorrhoea","Confirmed cases","Reported cases","N","2003","IE","Ireland",186.000000000,""
"Gonorrhoea","Confirmed cases","Reported cases","N","2003","IS","Iceland",3.000000000,""
"Gonorrhoea","Confirmed cases","Reported cases","N","2003","IT","Italy",379.000000000,""
"Gonorrhoea","Confirmed cases","Reported cases","N","2003","LT","Lithuania",503.000000000,""
"Gonorrhoea","Confirmed cases","Reported cases","N","2003","LV","Latvia",481.000000000,""
"Gonorrhoea","Confirmed cases","Reported cases","N","2003","NO","Norway",241.000000000,""
"Gonorrhoea","Confirmed cases","Reported cases","N","2003","PT","Portugal",39.000000000,""
"Gonorrhoea","Confirmed cases","Reported cases","N","2003","RO","Romania",2526.000000000,""
"Gonorrhoea","Confirmed cases","Reported cases","N","2003","SE","Sweden",582.000000000,""
"Gonorrhoea","Confirmed cases","Reported cases","N","2003","UK","United Kingdom",24850.000000000,""
"Gonorrhoea","Confirmed cases","Reported cases","N","2004","AT","Austria",848.000000000,""
"Gonorrhoea","Confirmed cases","Reported cases","N","2004","BG","Bulgaria",235.000000000,""
"Gonorrhoea","Confirmed cases","Reported cases","N","2004","CZ","Czechia",885.000000000,""
"Gonorrhoea","Confirmed cases","Reported cases","N","2004","DK","Denmark",416.000000000,""
"Gonorrhoea","Confirmed cases","Reported cases","N","2004","EE","Estonia",484.000000000,""
"Gonorrhoea","Confirmed cases","Reported cases","N","2004","EL","Greece",177.000000000,""
"Gonorrhoea","Confirmed cases","Reported cases","N","2004","ES","Spain",981.000000000,""
"Gonorrhoea","Confirmed cases","Reported cases","N","2004","EU27_21","EU (without UK)",11739.000000000,""
"Gonorrhoea","Confirmed cases","Reported cases","N","2004","EU27_UK_21","EU (with UK until 2019)",33973.000000000,""
"Gonorrhoea","Confirmed cases","Reported cases","N","2004","EUEEA30_21","EU/EEA (without UK)",12012.000000000,""
"Gonorrhoea","Confirmed cases","Reported cases","N","2004","EUEEAUK_21","EU/EEA (with UK until 2019)",34246.000000000,""
"Gonorrhoea","Confirmed cases","Reported cases","N","2004","FI","Finland",247.000000000,""
"Gonorrhoea","Confirmed cases","Reported cases","N","2004","FR","France",642.000000000,""
"Gonorrhoea","Confirmed cases","Reported cases","N","2004","HU","Hungary",742.000000000,""
"Gonorrhoea","Confirmed cases","Reported cases","N","2004","IE","Ireland",270.000000000,""
"Gonorrhoea","Confirmed cases","Reported cases","N","2004","IS","Iceland",9.000000000,""
"Gonorrhoea","Confirmed cases","Reported cases","N","2004","IT","Italy",418.000000000,""
"Gonorrhoea","Confirmed cases","Reported cases","N","2004","LT","Lithuania",482.000000000,""
"Gonorrhoea","Confirmed cases","Reported cases","N","2004","LV","Latvia",537.000000000,""
"Gonorrhoea","Confirmed cases","Reported cases","N","2004","NL","Netherlands",1656.000000000,""
"Gonorrhoea","Confirmed cases","Reported cases","N","2004","NO","Norway",264.000000000,""
"Gonorrhoea","Confirmed cases","Reported cases","N","2004","PT","Portugal",21.000000000,""
"Gonorrhoea","Confirmed cases","Reported cases","N","2004","RO","Romania",2119.000000000,""
"Gonorrhoea","Confirmed cases","Reported cases","N","2004","SE","Sweden",579.000000000,""
"Gonorrhoea","Confirmed cases","Reported cases","N","2004","UK","United Kingdom",22234.000000000,""
"Gonorrhoea","Confirmed cases","Reported cases","N","2005","AT","Austria",660.000000000,""
"Gonorrhoea","Confirmed cases","Reported cases","N","2005","BG","Bulgaria",181.000000000,""
"Gonorrhoea","Confirmed cases","Reported cases","N","2005","CZ","Czechia",856.000000000,""
"Gonorrhoea","Confirmed cases","Reported cases","N","2005","DK","Denmark",445.000000000,""
"Gonorrhoea","Confirmed cases","Reported cases","N","2005","EE","Estonia",288.000000000,""
"Gonorrhoea","Confirmed cases","Reported cases","N","2005","EL","Greece",197.000000000,""
"Gonorrhoea","Confirmed cases","Reported cases","N","2005","ES","Spain",1155.000000000,""
"Gonorrhoea","Confirmed cases","Reported cases","N","2005","EU27_21","EU (without UK)",11590.000000000,""
"Gonorrhoea","Confirmed cases","Reported cases","N","2005","EU27_UK_21","EU (with UK until 2019)",30779.000000000,""
"Gonorrhoea","Confirmed cases","Reported cases","N","2005","EUEEA30_21","EU/EEA (without UK)",11887.000000000,""
"Gonorrhoea","Confirmed cases","Reported cases","N","2005","EUEEAUK_21","EU/EEA (with UK until 2019)",31076.000000000,""
"Gonorrhoea","Confirmed cases","Reported cases","N","2005","FI","Finland",235.000000000,""
"Gonorrhoea","Confirmed cases","Reported cases","N","2005","FR","France",820.000000000,""
"Gonorrhoea","Confirmed cases","Reported cases","N","2005","HU","Hungary",851.000000000,""
"Gonorrhoea","Confirmed cases","Reported cases","N","2005","IE","Ireland",342.000000000,""
"Gonorrhoea","Confirmed cases","Reported cases","N","2005","IS","Iceland",19.000000000,""
"Gonorrhoea","Confirmed cases","Reported cases","N","2005","IT","Italy",427.000000000,""
"Gonorrhoea","Confirmed cases","Reported cases","N","2005","LT","Lithuania",433.000000000,""
"Gonorrhoea","Confirmed cases","Reported cases","N","2005","LU","Luxembourg",0.000000000,""
"Gonorrhoea","Confirmed cases","Reported cases","N","2005","LV","Latvia",694.000000000,""
"Gonorrhoea","Confirmed cases","Reported cases","N","2005","NL","Netherlands",1603.000000000,""
"Gonorrhoea","Confirmed cases","Reported cases","N","2005","NO","Norway",278.000000000,""
"Gonorrhoea","Confirmed cases","Reported cases","N","2005","PT","Portugal",45.000000000,""
"Gonorrhoea","Confirmed cases","Reported cases","N","2005","RO","Romania",1678.000000000,""
"Gonorrhoea","Confirmed cases","Reported cases","N","2005","SE","Sweden",680.000000000,""
"Gonorrhoea","Confirmed cases","Reported cases","N","2005","UK","United Kingdom",19189.000000000,""
"Gonorrhoea","Confirmed cases","Reported cases","N","2006","AT","Austria",171.000000000,""
"Gonorrhoea","Confirmed cases","Reported cases","N","2006","BE","Belgium",535.000000000,""
"Gonorrhoea","Confirmed cases","Reported cases","N","2006","BG","Bulgaria",165.000000000,""
"Gonorrhoea","Confirmed cases","Reported cases","N","2006","CY","Cyprus",8.000000000,""
"Gonorrhoea","Confirmed cases","Reported cases","N","2006","CZ","Czechia",1087.000000000,""
"Gonorrhoea","Confirmed cases","Reported cases","N","2006","DK","Denmark",414.000000000,""
"Gonorrhoea","Confirmed cases","Reported cases","N","2006","EE","Estonia",280.000000000,""
"Gonorrhoea","Confirmed cases","Reported cases","N","2006","EL","Greece",190.000000000,""
"Gonorrhoea","Confirmed cases","Reported cases","N","2006","ES","Spain",1423.000000000,""
"Gonorrhoea","Confirmed cases","Reported cases","N","2006","EU27_21","EU (without UK)",12720.000000000,""
"Gonorrhoea","Confirmed cases","Reported cases","N","2006","EU27_UK_21","EU (with UK until 2019)",31521.000000000,""
"Gonorrhoea","Confirmed cases","Reported cases","N","2006","EUEEA30_21","EU/EEA (without UK)",12987.000000000,""
"Gonorrhoea","Confirmed cases","Reported cases","N","2006","EUEEAUK_21","EU/EEA (with UK until 2019)",31788.000000000,""
"Gonorrhoea","Confirmed cases","Reported cases","N","2006","FI","Finland",231.000000000,""
"Gonorrhoea","Confirmed cases","Reported cases","N","2006","FR","France",928.000000000,""
"Gonorrhoea","Confirmed cases","Reported cases","N","2006","HU","Hungary",916.000000000,""
"Gonorrhoea","Confirmed cases","Reported cases","N","2006","IE","Ireland",431.000000000,""
"Gonorrhoea","Confirmed cases","Reported cases","N","2006","IS","Iceland",31.000000000,""
"Gonorrhoea","Confirmed cases","Reported cases","N","2006","IT","Italy",392.000000000,""
"Gonorrhoea","Confirmed cases","Reported cases","N","2006","LT","Lithuania",437.000000000,""
"Gonorrhoea","Confirmed cases","Reported cases","N","2006","LU","Luxembourg",4.000000000,""
"Gonorrhoea","Confirmed cases","Reported cases","N","2006","LV","Latvia",746.000000000,""
"Gonorrhoea","Confirmed cases","Reported cases","N","2006","MT","Malta",33.000000000,""
"Gonorrhoea","Confirmed cases","Reported cases","N","2006","NL","Netherlands",1778.000000000,""
"Gonorrhoea","Confirmed cases","Reported cases","N","2006","NO","Norway",236.000000000,""
"Gonorrhoea","Confirmed cases","Reported cases","N","2006","PL","Poland",395.000000000,""
"Gonorrhoea","Confirmed cases","Reported cases","N","2006","PT","Portugal",50.000000000,""
"Gonorrhoea","Confirmed cases","Reported cases","N","2006","RO","Romania",1348.000000000,""
"Gonorrhoea","Confirmed cases","Reported cases","N","2006","SE","Sweden",658.000000000,""
"Gonorrhoea","Confirmed cases","Reported cases","N","2006","SI","Slovenia",34.000000000,""
"Gonorrhoea","Confirmed cases","Reported cases","N","2006","SK","Slovakia",66.000000000,""
"Gonorrhoea","Confirmed cases","Reported cases","N","2006","UK","United Kingdom",18801.000000000,""
"Gonorrhoea","Confirmed cases","Reported cases","N","2007","AT","Austria",131.000000000,""
"Gonorrhoea","Confirmed cases","Reported cases","N","2007","BE","Belgium",585.000000000,""
"Gonorrhoea","Confirmed cases","Reported cases","N","2007","BG","Bulgaria",149.000000000,""
"Gonorrhoea","Confirmed cases","Reported cases","N","2007","CY","Cyprus",5.000000000,""
"Gonorrhoea","Confirmed cases","Reported cases","N","2007","CZ","Czechia",1108.000000000,""
"Gonorrhoea","Confirmed cases","Reported cases","N","2007","DK","Denmark",352.000000000,""
"Gonorrhoea","Confirmed cases","Reported cases","N","2007","EE","Estonia",176.000000000,""
"Gonorrhoea","Confirmed cases","Reported cases","N","2007","EL","Greece",201.000000000,""
"Gonorrhoea","Confirmed cases","Reported cases","N","2007","ES","Spain",1698.000000000,""
"Gonorrhoea","Confirmed cases","Reported cases","N","2007","EU27_21","EU (without UK)",12405.000000000,""
"Gonorrhoea","Confirmed cases","Reported cases","N","2007","EU27_UK_21","EU (with UK until 2019)",31036.000000000,""
"Gonorrhoea","Confirmed cases","Reported cases","N","2007","EUEEA30_21","EU/EEA (without UK)",12667.000000000,""
"Gonorrhoea","Confirmed cases","Reported cases","N","2007","EUEEAUK_21","EU/EEA (with UK until 2019)",31298.000000000,""
"Gonorrhoea","Confirmed cases","Reported cases","N","2007","FI","Finland",192.000000000,""
"Gonorrhoea","Confirmed cases","Reported cases","N","2007","FR","France",1104.000000000,""
"Gonorrhoea","Confirmed cases","Reported cases","N","2007","HU","Hungary",1041.000000000,""
"Gonorrhoea","Confirmed cases","Reported cases","N","2007","IE","Ireland",417.000000000,""
"Gonorrhoea","Confirmed cases","Reported cases","N","2007","IS","Iceland",24.000000000,""
"Gonorrhoea","Confirmed cases","Reported cases","N","2007","IT","Italy",243.000000000,""
"Gonorrhoea","Confirmed cases","Reported cases","N","2007","LT","Lithuania",471.000000000,""
"Gonorrhoea","Confirmed cases","Reported cases","N","2007","LU","Luxembourg",1.000000000,""
"Gonorrhoea","Confirmed cases","Reported cases","N","2007","LV","Latvia",670.000000000,""
"Gonorrhoea","Confirmed cases","Reported cases","N","2007","MT","Malta",52.000000000,""
"Gonorrhoea","Confirmed cases","Reported cases","N","2007","NL","Netherlands",1830.000000000,""
"Gonorrhoea","Confirmed cases","Reported cases","N","2007","NO","Norway",238.000000000,""
"Gonorrhoea","Confirmed cases","Reported cases","N","2007","PL","Poland",330.000000000,""
"Gonorrhoea","Confirmed cases","Reported cases","N","2007","PT","Portugal",69.000000000,""
"Gonorrhoea","Confirmed cases","Reported cases","N","2007","RO","Romania",815.000000000,""
"Gonorrhoea","Confirmed cases","Reported cases","N","2007","SE","Sweden",642.000000000,""
"Gonorrhoea","Confirmed cases","Reported cases","N","2007","SI","Slovenia",42.000000000,""
"Gonorrhoea","Confirmed cases","Reported cases","N","2007","SK","Slovakia",81.000000000,""
"Gonorrhoea","Confirmed cases","Reported cases","N","2007","UK","United Kingdom",18631.000000000,""
"Gonorrhoea","Confirmed cases","Reported cases","N","2008","AT","Austria",263.000000000,""
"Gonorrhoea","Confirmed cases","Reported cases","N","2008","BE","Belgium",718.000000000,""
"Gonorrhoea","Confirmed cases","Reported cases","N","2008","BG","Bulgaria",178.000000000,""
"Gonorrhoea","Confirmed cases","Reported cases","N","2008","CY","Cyprus",2.000000000,""
"Gonorrhoea","Confirmed cases","Reported cases","N","2008","CZ","Czechia",809.000000000,""
"Gonorrhoea","Confirmed cases","Reported cases","N","2008","DK","Denmark",409.000000000,""
"Gonorrhoea","Confirmed cases","Reported cases","N","2008","EE","Estonia",146.000000000,""
"Gonorrhoea","Confirmed cases","Reported cases","N","2008","EL","Greece",208.000000000,""
"Gonorrhoea","Confirmed cases","Reported cases","N","2008","ES","Spain",1897.000000000,""
"Gonorrhoea","Confirmed cases","Reported cases","N","2008","EU27_21","EU (without UK)",12657.000000000,""
"Gonorrhoea","Confirmed cases","Reported cases","N","2008","EU27_UK_21","EU (with UK until 2019)",29108.000000000,""
"Gonorrhoea","Confirmed cases","Reported cases","N","2008","EUEEA30_21","EU/EEA (without UK)",12983.000000000,""
"Gonorrhoea","Confirmed cases","Reported cases","N","2008","EUEEAUK_21","EU/EEA (with UK until 2019)",29434.000000000,""
"Gonorrhoea","Confirmed cases","Reported cases","N","2008","FI","Finland",198.000000000,""
"Gonorrhoea","Confirmed cases","Reported cases","N","2008","FR","France",1318.000000000,""
"Gonorrhoea","Confirmed cases","Reported cases","N","2008","HU","Hungary",892.000000000,""
"Gonorrhoea","Confirmed cases","Reported cases","N","2008","IE","Ireland",444.000000000,""
"Gonorrhoea","Confirmed cases","Reported cases","N","2008","IS","Iceland",25.000000000,""
"Gonorrhoea","Confirmed cases","Reported cases","N","2008","IT","Italy",221.000000000,""
"Gonorrhoea","Confirmed cases","Reported cases","N","2008","LT","Lithuania",533.000000000,""
"Gonorrhoea","Confirmed cases","Reported cases","N","2008","LU","Luxembourg",18.000000000,""
"Gonorrhoea","Confirmed cases","Reported cases","N","2008","LV","Latvia",500.000000000,""
"Gonorrhoea","Confirmed cases","Reported cases","N","2008","MT","Malta",50.000000000,""
"Gonorrhoea","Confirmed cases","Reported cases","N","2008","NL","Netherlands",1969.000000000,""
"Gonorrhoea","Confirmed cases","Reported cases","N","2008","NO","Norway",301.000000000,""
"Gonorrhoea","Confirmed cases","Reported cases","N","2008","PL","Poland",285.000000000,""
"Gonorrhoea","Confirmed cases","Reported cases","N","2008","PT","Portugal",56.000000000,""
"Gonorrhoea","Confirmed cases","Reported cases","N","2008","RO","Romania",631.000000000,""
"Gonorrhoea","Confirmed cases","Reported cases","N","2008","SE","Sweden",720.000000000,""
"Gonorrhoea","Confirmed cases","Reported cases","N","2008","SI","Slovenia",40.000000000,""
"Gonorrhoea","Confirmed cases","Reported cases","N","2008","SK","Slovakia",152.000000000,""
"Gonorrhoea","Confirmed cases","Reported cases","N","2008","UK","United Kingdom",16451.000000000,""
"Gonorrhoea","Confirmed cases","Reported cases","N","2009","AT","Austria",143.000000000,""
"Gonorrhoea","Confirmed cases","Reported cases","N","2009","BE","Belgium",734.000000000,""
"Gonorrhoea","Confirmed cases","Reported cases","N","2009","BG","Bulgaria",191.000000000,""
"Gonorrhoea","Confirmed cases","Reported cases","N","2009","CY","Cyprus",7.000000000,""
"Gonorrhoea","Confirmed cases","Reported cases","N","2009","CZ","Czechia",716.000000000,""
"Gonorrhoea","Confirmed cases","Reported cases","N","2009","DK","Denmark",563.000000000,""
"Gonorrhoea","Confirmed cases","Reported cases","N","2009","EE","Estonia",126.000000000,""
"Gonorrhoea","Confirmed cases","Reported cases","N","2009","EL","Greece",164.000000000,""
"Gonorrhoea","Confirmed cases","Reported cases","N","2009","ES","Spain",1954.000000000,""
"Gonorrhoea","Confirmed cases","Reported cases","N","2009","EU27_21","EU (without UK)",13576.000000000,""
"Gonorrhoea","Confirmed cases","Reported cases","N","2009","EU27_UK_21","EU (with UK until 2019)",31225.000000000,""
"Gonorrhoea","Confirmed cases","Reported cases","N","2009","EUEEA30_21","EU/EEA (without UK)",13892.000000000,""
"Gonorrhoea","Confirmed cases","Reported cases","N","2009","EUEEAUK_21","EU/EEA (with UK until 2019)",31541.000000000,""
"Gonorrhoea","Confirmed cases","Reported cases","N","2009","FI","Finland",237.000000000,""
"Gonorrhoea","Confirmed cases","Reported cases","N","2009","FR","France",1840.000000000,""
"Gonorrhoea","Confirmed cases","Reported cases","N","2009","HU","Hungary",872.000000000,""
"Gonorrhoea","Confirmed cases","Reported cases","N","2009","IE","Ireland",435.000000000,""
"Gonorrhoea","Confirmed cases","Reported cases","N","2009","IS","Iceland",47.000000000,""
"Gonorrhoea","Confirmed cases","Reported cases","N","2009","IT","Italy",348.000000000,""
"Gonorrhoea","Confirmed cases","Reported cases","N","2009","LT","Lithuania",391.000000000,""
"Gonorrhoea","Confirmed cases","Reported cases","N","2009","LU","Luxembourg",6.000000000,""
"Gonorrhoea","Confirmed cases","Reported cases","N","2009","LV","Latvia",433.000000000,""
"Gonorrhoea","Confirmed cases","Reported cases","N","2009","MT","Malta",62.000000000,""
"Gonorrhoea","Confirmed cases","Reported cases","N","2009","NL","Netherlands",2411.000000000,""
"Gonorrhoea","Confirmed cases","Reported cases","N","2009","NO","Norway",269.000000000,""
"Gonorrhoea","Confirmed cases","Reported cases","N","2009","PL","Poland",402.000000000,""
"Gonorrhoea","Confirmed cases","Reported cases","N","2009","PT","Portugal",102.000000000,""
"Gonorrhoea","Confirmed cases","Reported cases","N","2009","RO","Romania",622.000000000,""
"Gonorrhoea","Confirmed cases","Reported cases","N","2009","SE","Sweden",613.000000000,""
"Gonorrhoea","Confirmed cases","Reported cases","N","2009","SI","Slovenia",30.000000000,""
"Gonorrhoea","Confirmed cases","Reported cases","N","2009","SK","Slovakia",174.000000000,""
"Gonorrhoea","Confirmed cases","Reported cases","N","2009","UK","United Kingdom",17649.000000000,""
"Gonorrhoea","Confirmed cases","Reported cases","N","2010","AT","Austria",331.000000000,""
"Gonorrhoea","Confirmed cases","Reported cases","N","2010","BE","Belgium",752.000000000,""
"Gonorrhoea","Confirmed cases","Reported cases","N","2010","BG","Bulgaria",184.000000000,""
"Gonorrhoea","Confirmed cases","Reported cases","N","2010","CY","Cyprus",23.000000000,""
"Gonorrhoea","Confirmed cases","Reported cases","N","2010","CZ","Czechia",749.000000000,""
"Gonorrhoea","Confirmed cases","Reported cases","N","2010","DK","Denmark",482.000000000,""
"Gonorrhoea","Confirmed cases","Reported cases","N","2010","EE","Estonia",118.000000000,""
"Gonorrhoea","Confirmed cases","Reported cases","N","2010","EL","Greece",312.000000000,""
"Gonorrhoea","Confirmed cases","Reported cases","N","2010","ES","Spain",2306.000000000,""
"Gonorrhoea","Confirmed cases","Reported cases","N","2010","EU27_21","EU (without UK)",15440.000000000,""
"Gonorrhoea","Confirmed cases","Reported cases","N","2010","EU27_UK_21","EU (with UK until 2019)",34152.000000000,""
"Gonorrhoea","Confirmed cases","Reported cases","N","2010","EUEEA30_21","EU/EEA (without UK)",15870.000000000,""
"Gonorrhoea","Confirmed cases","Reported cases","N","2010","EUEEAUK_21","EU/EEA (with UK until 2019)",34582.000000000,""
"Gonorrhoea","Confirmed cases","Reported cases","N","2010","FI","Finland",255.000000000,""
"Gonorrhoea","Confirmed cases","Reported cases","N","2010","FR","France",2340.000000000,""
"Gonorrhoea","Confirmed cases","Reported cases","N","2010","HU","Hungary",1170.000000000,""
"Gonorrhoea","Confirmed cases","Reported cases","N","2010","IE","Ireland",626.000000000,""
"Gonorrhoea","Confirmed cases","Reported cases","N","2010","IS","Iceland",18.000000000,""
"Gonorrhoea","Confirmed cases","Reported cases","N","2010","IT","Italy",383.000000000,""
"Gonorrhoea","Confirmed cases","Reported cases","N","2010","LT","Lithuania",315.000000000,""
"Gonorrhoea","Confirmed cases","Reported cases","N","2010","LU","Luxembourg",3.000000000,""
"Gonorrhoea","Confirmed cases","Reported cases","N","2010","LV","Latvia",349.000000000,""
"Gonorrhoea","Confirmed cases","Reported cases","N","2010","MT","Malta",48.000000000,""
"Gonorrhoea","Confirmed cases","Reported cases","N","2010","NL","Netherlands",2815.000000000,""
"Gonorrhoea","Confirmed cases","Reported cases","N","2010","NO","Norway",412.000000000,""
"Gonorrhoea","Confirmed cases","Reported cases","N","2010","PL","Poland",301.000000000,""
"Gonorrhoea","Confirmed cases","Reported cases","N","2010","PT","Portugal",77.000000000,""
"Gonorrhoea","Confirmed cases","Reported cases","N","2010","RO","Romania",479.000000000,""
"Gonorrhoea","Confirmed cases","Reported cases","N","2010","SE","Sweden",848.000000000,""
"Gonorrhoea","Confirmed cases","Reported cases","N","2010","SI","Slovenia",44.000000000,""
"Gonorrhoea","Confirmed cases","Reported cases","N","2010","SK","Slovakia",130.000000000,""
"Gonorrhoea","Confirmed cases","Reported cases","N","2010","UK","United Kingdom",18712.000000000,""
"Gonorrhoea","Confirmed cases","Reported cases","N","2011","AT","Austria",470.000000000,""
"Gonorrhoea","Confirmed cases","Reported cases","N","2011","BE","Belgium",842.000000000,""
"Gonorrhoea","Confirmed cases","Reported cases","N","2011","BG","Bulgaria",197.000000000,""
"Gonorrhoea","Confirmed cases","Reported cases","N","2011","CY","Cyprus",11.000000000,""
"Gonorrhoea","Confirmed cases","Reported cases","N","2011","CZ","Czechia",714.000000000,""
"Gonorrhoea","Confirmed cases","Reported cases","N","2011","DK","Denmark",501.000000000,""
"Gonorrhoea","Confirmed cases","Reported cases","N","2011","EE","Estonia",173.000000000,""
"Gonorrhoea","Confirmed cases","Reported cases","N","2011","EL","Greece",378.000000000,""
"Gonorrhoea","Confirmed cases","Reported cases","N","2011","ES","Spain",2640.000000000,""
"Gonorrhoea","Confirmed cases","Reported cases","N","2011","EU27_21","EU (without UK)",18255.000000000,""
"Gonorrhoea","Confirmed cases","Reported cases","N","2011","EU27_UK_21","EU (with UK until 2019)",41640.000000000,""
"Gonorrhoea","Confirmed cases","Reported cases","N","2011","EUEEA30_21","EU/EEA (without UK)",18655.000000000,""
"Gonorrhoea","Confirmed cases","Reported cases","N","2011","EUEEAUK_21","EU/EEA (with UK until 2019)",42040.000000000,""
"Gonorrhoea","Confirmed cases","Reported cases","N","2011","FI","Finland",287.000000000,""
"Gonorrhoea","Confirmed cases","Reported cases","N","2011","FR","France",2949.000000000,""
"Gonorrhoea","Confirmed cases","Reported cases","N","2011","HU","Hungary",1369.000000000,""
"Gonorrhoea","Confirmed cases","Reported cases","N","2011","IE","Ireland",835.000000000,""
"Gonorrhoea","Confirmed cases","Reported cases","N","2011","IS","Iceland",32.000000000,""
"Gonorrhoea","Confirmed cases","Reported cases","N","2011","IT","Italy",363.000000000,""
"Gonorrhoea","Confirmed cases","Reported cases","N","2011","LT","Lithuania",248.000000000,""
"Gonorrhoea","Confirmed cases","Reported cases","N","2011","LU","Luxembourg",2.000000000,""
"Gonorrhoea","Confirmed cases","Reported cases","N","2011","LV","Latvia",545.000000000,""
"Gonorrhoea","Confirmed cases","Reported cases","N","2011","MT","Malta",46.000000000,""
"Gonorrhoea","Confirmed cases","Reported cases","N","2011","NL","Netherlands",3576.000000000,""
"Gonorrhoea","Confirmed cases","Reported cases","N","2011","NO","Norway",368.000000000,""
"Gonorrhoea","Confirmed cases","Reported cases","N","2011","PL","Poland",298.000000000,""
"Gonorrhoea","Confirmed cases","Reported cases","N","2011","PT","Portugal",111.000000000,""
"Gonorrhoea","Confirmed cases","Reported cases","N","2011","RO","Romania",510.000000000,""
"Gonorrhoea","Confirmed cases","Reported cases","N","2011","SE","Sweden",953.000000000,""
"Gonorrhoea","Confirmed cases","Reported cases","N","2011","SI","Slovenia",25.000000000,""
"Gonorrhoea","Confirmed cases","Reported cases","N","2011","SK","Slovakia",212.000000000,""
"Gonorrhoea","Confirmed cases","Reported cases","N","2011","UK","United Kingdom",23385.000000000,""
"Gonorrhoea","Confirmed cases","Reported cases","N","2012","AT","Austria",283.000000000,""
"Gonorrhoea","Confirmed cases","Reported cases","N","2012","BE","Belgium",931.000000000,""
"Gonorrhoea","Confirmed cases","Reported cases","N","2012","BG","Bulgaria",99.000000000,""
"Gonorrhoea","Confirmed cases","Reported cases","N","2012","CY","Cyprus",6.000000000,""
"Gonorrhoea","Confirmed cases","Reported cases","N","2012","CZ","Czechia",1142.000000000,""
"Gonorrhoea","Confirmed cases","Reported cases","N","2012","DK","Denmark",673.000000000,""
"Gonorrhoea","Confirmed cases","Reported cases","N","2012","EE","Estonia",215.000000000,""
"Gonorrhoea","Confirmed cases","Reported cases","N","2012","EL","Greece",238.000000000,""
"Gonorrhoea","Confirmed cases","Reported cases","N","2012","ES","Spain",3044.000000000,""
"Gonorrhoea","Confirmed cases","Reported cases","N","2012","EU27_21","EU (without UK)",21378.000000000,""
"Gonorrhoea","Confirmed cases","Reported cases","N","2012","EU27_UK_21","EU (with UK until 2019)",51497.000000000,""
"Gonorrhoea","Confirmed cases","Reported cases","N","2012","EUEEA30_21","EU/EEA (without UK)",21850.000000000,""
"Gonorrhoea","Confirmed cases","Reported cases","N","2012","EUEEAUK_21","EU/EEA (with UK until 2019)",51969.000000000,""
"Gonorrhoea","Confirmed cases","Reported cases","N","2012","FI","Finland",312.000000000,""
"Gonorrhoea","Confirmed cases","Reported cases","N","2012","FR","France",3935.000000000,""
"Gonorrhoea","Confirmed cases","Reported cases","N","2012","HR","Croatia",14.000000000,""
"Gonorrhoea","Confirmed cases","Reported cases","N","2012","HU","Hungary",1487.000000000,""
"Gonorrhoea","Confirmed cases","Reported cases","N","2012","IE","Ireland",1139.000000000,""
"Gonorrhoea","Confirmed cases","Reported cases","N","2012","IS","Iceland",29.000000000,""
"Gonorrhoea","Confirmed cases","Reported cases","N","2012","IT","Italy",421.000000000,""
"Gonorrhoea","Confirmed cases","Reported cases","N","2012","LT","Lithuania",219.000000000,""
"Gonorrhoea","Confirmed cases","Reported cases","N","2012","LU","Luxembourg",5.000000000,""
"Gonorrhoea","Confirmed cases","Reported cases","N","2012","LV","Latvia",607.000000000,""
"Gonorrhoea","Confirmed cases","Reported cases","N","2012","MT","Malta",29.000000000,""
"Gonorrhoea","Confirmed cases","Reported cases","N","2012","NL","Netherlands",3996.000000000,""
"Gonorrhoea","Confirmed cases","Reported cases","N","2012","NO","Norway",443.000000000,""
"Gonorrhoea","Confirmed cases","Reported cases","N","2012","PL","Poland",733.000000000,""
"Gonorrhoea","Confirmed cases","Reported cases","N","2012","PT","Portugal",104.000000000,""
"Gonorrhoea","Confirmed cases","Reported cases","N","2012","RO","Romania",323.000000000,""
"Gonorrhoea","Confirmed cases","Reported cases","N","2012","SE","Sweden",1092.000000000,""
"Gonorrhoea","Confirmed cases","Reported cases","N","2012","SI","Slovenia",45.000000000,""
"Gonorrhoea","Confirmed cases","Reported cases","N","2012","SK","Slovakia",286.000000000,""
"Gonorrhoea","Confirmed cases","Reported cases","N","2012","UK","United Kingdom",30119.000000000,""
"Gonorrhoea","Confirmed cases","Reported cases","N","2013","AT","Austria",1148.000000000,""
"Gonorrhoea","Confirmed cases","Reported cases","N","2013","BE","Belgium",1011.000000000,""
"Gonorrhoea","Confirmed cases","Reported cases","N","2013","BG","Bulgaria",96.000000000,""
"Gonorrhoea","Confirmed cases","Reported cases","N","2013","CY","Cyprus",2.000000000,""
"Gonorrhoea","Confirmed cases","Reported cases","N","2013","CZ","Czechia",1407.000000000,""
"Gonorrhoea","Confirmed cases","Reported cases","N","2013","DK","Denmark",816.000000000,""
"Gonorrhoea","Confirmed cases","Reported cases","N","2013","EE","Estonia",133.000000000,""
"Gonorrhoea","Confirmed cases","Reported cases","N","2013","EL","Greece",219.000000000,""
"Gonorrhoea","Confirmed cases","Reported cases","N","2013","ES","Spain",3315.000000000,""
"Gonorrhoea","Confirmed cases","Reported cases","N","2013","EU27_21","EU (without UK)",24174.000000000,""
"Gonorrhoea","Confirmed cases","Reported cases","N","2013","EU27_UK_21","EU (with UK until 2019)",58460.000000000,""
"Gonorrhoea","Confirmed cases","Reported cases","N","2013","EUEEA30_21","EU/EEA (without UK)",24699.000000000,""
"Gonorrhoea","Confirmed cases","Reported cases","N","2013","EUEEAUK_21","EU/EEA (with UK until 2019)",58985.000000000,""
"Gonorrhoea","Confirmed cases","Reported cases","N","2013","FI","Finland",267.000000000,""
"Gonorrhoea","Confirmed cases","Reported cases","N","2013","FR","France",4884.000000000,""
"Gonorrhoea","Confirmed cases","Reported cases","N","2013","HR","Croatia",14.000000000,""
"Gonorrhoea","Confirmed cases","Reported cases","N","2013","HU","Hungary",1526.000000000,""
"Gonorrhoea","Confirmed cases","Reported cases","N","2013","IE","Ireland",1274.000000000,""
"Gonorrhoea","Confirmed cases","Reported cases","N","2013","IS","Iceland",19.000000000,""
"Gonorrhoea","Confirmed cases","Reported cases","N","2013","IT","Italy",537.000000000,""
"Gonorrhoea","Confirmed cases","Reported cases","N","2013","LT","Lithuania",190.000000000,""
"Gonorrhoea","Confirmed cases","Reported cases","N","2013","LU","Luxembourg",4.000000000,""
"Gonorrhoea","Confirmed cases","Reported cases","N","2013","LV","Latvia",554.000000000,""
"Gonorrhoea","Confirmed cases","Reported cases","N","2013","MT","Malta",62.000000000,""
"Gonorrhoea","Confirmed cases","Reported cases","N","2013","NL","Netherlands",4171.000000000,""
"Gonorrhoea","Confirmed cases","Reported cases","N","2013","NO","Norway",506.000000000,""
"Gonorrhoea","Confirmed cases","Reported cases","N","2013","PL","Poland",549.000000000,""
"Gonorrhoea","Confirmed cases","Reported cases","N","2013","PT","Portugal",105.000000000,""
"Gonorrhoea","Confirmed cases","Reported cases","N","2013","RO","Romania",340.000000000,""
"Gonorrhoea","Confirmed cases","Reported cases","N","2013","SE","Sweden",1110.000000000,""
"Gonorrhoea","Confirmed cases","Reported cases","N","2013","SI","Slovenia",62.000000000,""
"Gonorrhoea","Confirmed cases","Reported cases","N","2013","SK","Slovakia",378.000000000,""
"Gonorrhoea","Confirmed cases","Reported cases","N","2013","UK","United Kingdom",34286.000000000,""
"Gonorrhoea","Confirmed cases","Reported cases","N","2014","BE","Belgium",1119.000000000,""
"Gonorrhoea","Confirmed cases","Reported cases","N","2014","BG","Bulgaria",170.000000000,""
"Gonorrhoea","Confirmed cases","Reported cases","N","2014","CY","Cyprus",4.000000000,""
"Gonorrhoea","Confirmed cases","Reported cases","N","2014","CZ","Czechia",1395.000000000,""
"Gonorrhoea","Confirmed cases","Reported cases","N","2014","DK","Denmark",1143.000000000,""
"Gonorrhoea","Confirmed cases","Reported cases","N","2014","EE","Estonia",139.000000000,""
"Gonorrhoea","Confirmed cases","Reported cases","N","2014","EL","Greece",245.000000000,""
"Gonorrhoea","Confirmed cases","Reported cases","N","2014","ES","Spain",4562.000000000,""
"Gonorrhoea","Confirmed cases","Reported cases","N","2014","EU27_21","EU (without UK)",25780.000000000,""
"Gonorrhoea","Confirmed cases","Reported cases","N","2014","EU27_UK_21","EU (with UK until 2019)",66355.000000000,""
"Gonorrhoea","Confirmed cases","Reported cases","N","2014","EUEEA30_21","EU/EEA (without UK)",26500.000000000,""
"Gonorrhoea","Confirmed cases","Reported cases","N","2014","EUEEAUK_21","EU/EEA (with UK until 2019)",67075.000000000,""
"Gonorrhoea","Confirmed cases","Reported cases","N","2014","FI","Finland",286.000000000,""
"Gonorrhoea","Confirmed cases","Reported cases","N","2014","FR","France",5211.000000000,""
"Gonorrhoea","Confirmed cases","Reported cases","N","2014","HR","Croatia",22.000000000,""
"Gonorrhoea","Confirmed cases","Reported cases","N","2014","HU","Hungary",1620.000000000,""
"Gonorrhoea","Confirmed cases","Reported cases","N","2014","IE","Ireland",1314.000000000,""
"Gonorrhoea","Confirmed cases","Reported cases","N","2014","IS","Iceland",38.000000000,""
"Gonorrhoea","Confirmed cases","Reported cases","N","2014","IT","Italy",635.000000000,""
"Gonorrhoea","Confirmed cases","Reported cases","N","2014","LT","Lithuania",165.000000000,""
"Gonorrhoea","Confirmed cases","Reported cases","N","2014","LU","Luxembourg",6.000000000,""
"Gonorrhoea","Confirmed cases","Reported cases","N","2014","LV","Latvia",367.000000000,""
"Gonorrhoea","Confirmed cases","Reported cases","N","2014","MT","Malta",51.000000000,""
"Gonorrhoea","Confirmed cases","Reported cases","N","2014","NL","Netherlands",4632.000000000,""
"Gonorrhoea","Confirmed cases","Reported cases","N","2014","NO","Norway",682.000000000,""
"Gonorrhoea","Confirmed cases","Reported cases","N","2014","PL","Poland",495.000000000,""
"Gonorrhoea","Confirmed cases","Reported cases","N","2014","PT","Portugal",188.000000000,""
"Gonorrhoea","Confirmed cases","Reported cases","N","2014","RO","Romania",178.000000000,""
"Gonorrhoea","Confirmed cases","Reported cases","N","2014","SE","Sweden",1346.000000000,""
"Gonorrhoea","Confirmed cases","Reported cases","N","2014","SI","Slovenia",61.000000000,""
"Gonorrhoea","Confirmed cases","Reported cases","N","2014","SK","Slovakia",426.000000000,""
"Gonorrhoea","Confirmed cases","Reported cases","N","2014","UK","United Kingdom",40575.000000000,""
"Gonorrhoea","Confirmed cases","Reported cases","N","2015","AL","Albania",0.000000000,""
"Gonorrhoea","Confirmed cases","Reported cases","N","2015","BE","Belgium",1368.000000000,""
"Gonorrhoea","Confirmed cases","Reported cases","N","2015","BG","Bulgaria",119.000000000,""
"Gonorrhoea","Confirmed cases","Reported cases","N","2015","CY","Cyprus",1.000000000,""
"Gonorrhoea","Confirmed cases","Reported cases","N","2015","CZ","Czechia",1459.000000000,""
"Gonorrhoea","Confirmed cases","Reported cases","N","2015","DK","Denmark",2723.000000000,""
"Gonorrhoea","Confirmed cases","Reported cases","N","2015","EE","Estonia",118.000000000,""
"Gonorrhoea","Confirmed cases","Reported cases","N","2015","EL","Greece",237.000000000,""
"Gonorrhoea","Confirmed cases","Reported cases","N","2015","ES","Spain",5006.000000000,""
"Gonorrhoea","Confirmed cases","Reported cases","N","2015","EU27_21","EU (without UK)",29668.000000000,""
"Gonorrhoea","Confirmed cases","Reported cases","N","2015","EU27_UK_21","EU (with UK until 2019)",75010.000000000,""
"Gonorrhoea","Confirmed cases","Reported cases","N","2015","EUEEA30_21","EU/EEA (without UK)",30564.000000000,""
"Gonorrhoea","Confirmed cases","Reported cases","N","2015","EUEEAUK_21","EU/EEA (with UK until 2019)",75906.000000000,""
"Gonorrhoea","Confirmed cases","Reported cases","N","2015","FI","Finland",281.000000000,""
"Gonorrhoea","Confirmed cases","Reported cases","N","2015","FR","France",6228.000000000,""
"Gonorrhoea","Confirmed cases","Reported cases","N","2015","HR","Croatia",18.000000000,""
"Gonorrhoea","Confirmed cases","Reported cases","N","2015","HU","Hungary",1246.000000000,""
"Gonorrhoea","Confirmed cases","Reported cases","N","2015","IE","Ireland",1281.000000000,""
"Gonorrhoea","Confirmed cases","Reported cases","N","2015","IS","Iceland",45.000000000,""
"Gonorrhoea","Confirmed cases","Reported cases","N","2015","IT","Italy",649.000000000,""
"Gonorrhoea","Confirmed cases","Reported cases","N","2015","LT","Lithuania",194.000000000,""
"Gonorrhoea","Confirmed cases","Reported cases","N","2015","LU","Luxembourg",14.000000000,""
"Gonorrhoea","Confirmed cases","Reported cases","N","2015","LV","Latvia",288.000000000,""
"Gonorrhoea","Confirmed cases","Reported cases","N","2015","ME","Montenegro",10.000000000,""
"Gonorrhoea","Confirmed cases","Reported cases","N","2015","MK","North Macedonia",5.000000000,""
"Gonorrhoea","Confirmed cases","Reported cases","N","2015","MT","Malta",66.000000000,""
"Gonorrhoea","Confirmed cases","Reported cases","N","2015","NL","Netherlands",5420.000000000,""
"Gonorrhoea","Confirmed cases","Reported cases","N","2015","NO","Norway",851.000000000,""
"Gonorrhoea","Confirmed cases","Reported cases","N","2015","PL","Poland",500.000000000,""
"Gonorrhoea","Confirmed cases","Reported cases","N","2015","PT","Portugal",277.000000000,""
"Gonorrhoea","Confirmed cases","Reported cases","N","2015","RO","Romania",90.000000000,""
"Gonorrhoea","Confirmed cases","Reported cases","N","2015","RS","Serbia",87.000000000,""
"Gonorrhoea","Confirmed cases","Reported cases","N","2015","SE","Sweden",1671.000000000,""
"Gonorrhoea","Confirmed cases","Reported cases","N","2015","SI","Slovenia",73.000000000,""
"Gonorrhoea","Confirmed cases","Reported cases","N","2015","SK","Slovakia",341.000000000,""
"Gonorrhoea","Confirmed cases","Reported cases","N","2015","TR","Türkiye",44.000000000,""
"Gonorrhoea","Confirmed cases","Reported cases","N","2015","UK","United Kingdom",45342.000000000,""
"Gonorrhoea","Confirmed cases","Reported cases","N","2016","AL","Albania",0.000000000,""
"Gonorrhoea","Confirmed cases","Reported cases","N","2016","BE","Belgium",1997.000000000,""
"Gonorrhoea","Confirmed cases","Reported cases","N","2016","BG","Bulgaria",115.000000000,""
"Gonorrhoea","Confirmed cases","Reported cases","N","2016","CY","Cyprus",1.000000000,""
"Gonorrhoea","Confirmed cases","Reported cases","N","2016","CZ","Czechia",1444.000000000,""
"Gonorrhoea","Confirmed cases","Reported cases","N","2016","DK","Denmark",3476.000000000,""
"Gonorrhoea","Confirmed cases","Reported cases","N","2016","EE","Estonia",96.000000000,""
"Gonorrhoea","Confirmed cases","Reported cases","N","2016","EL","Greece",202.000000000,""
"Gonorrhoea","Confirmed cases","Reported cases","N","2016","ES","Spain",6816.000000000,""
"Gonorrhoea","Confirmed cases","Reported cases","N","2016","EU27_21","EU (without UK)",35855.000000000,""
"Gonorrhoea","Confirmed cases","Reported cases","N","2016","EU27_UK_21","EU (with UK until 2019)",76354.000000000,""
"Gonorrhoea","Confirmed cases","Reported cases","N","2016","EUEEA30_21","EU/EEA (without UK)",37046.000000000,""
"Gonorrhoea","Confirmed cases","Reported cases","N","2016","EUEEAUK_21","EU/EEA (with UK until 2019)",77545.000000000,""
"Gonorrhoea","Confirmed cases","Reported cases","N","2016","FI","Finland",416.000000000,""
"Gonorrhoea","Confirmed cases","Reported cases","N","2016","FR","France",7849.000000000,""
"Gonorrhoea","Confirmed cases","Reported cases","N","2016","HR","Croatia",12.000000000,""
"Gonorrhoea","Confirmed cases","Reported cases","N","2016","HU","Hungary",1176.000000000,""
"Gonorrhoea","Confirmed cases","Reported cases","N","2016","IE","Ireland",1954.000000000,""
"Gonorrhoea","Confirmed cases","Reported cases","N","2016","IS","Iceland",95.000000000,""
"Gonorrhoea","Confirmed cases","Reported cases","N","2016","IT","Italy",760.000000000,""
"Gonorrhoea","Confirmed cases","Reported cases","N","2016","LT","Lithuania",119.000000000,""
"Gonorrhoea","Confirmed cases","Reported cases","N","2016","LU","Luxembourg",9.000000000,""
"Gonorrhoea","Confirmed cases","Reported cases","N","2016","LV","Latvia",177.000000000,""
"Gonorrhoea","Confirmed cases","Reported cases","N","2016","ME","Montenegro",4.000000000,""
"Gonorrhoea","Confirmed cases","Reported cases","N","2016","MK","North Macedonia",5.000000000,""
"Gonorrhoea","Confirmed cases","Reported cases","N","2016","MT","Malta",76.000000000,""
"Gonorrhoea","Confirmed cases","Reported cases","N","2016","NL","Netherlands",6129.000000000,""
"Gonorrhoea","Confirmed cases","Reported cases","N","2016","NO","Norway",1096.000000000,""
"Gonorrhoea","Confirmed cases","Reported cases","N","2016","PL","Poland",437.000000000,""
"Gonorrhoea","Confirmed cases","Reported cases","N","2016","PT","Portugal",338.000000000,""
"Gonorrhoea","Confirmed cases","Reported cases","N","2016","RO","Romania",114.000000000,""
"Gonorrhoea","Confirmed cases","Reported cases","N","2016","RS","Serbia",103.000000000,""
"Gonorrhoea","Confirmed cases","Reported cases","N","2016","SE","Sweden",1783.000000000,""
"Gonorrhoea","Confirmed cases","Reported cases","N","2016","SI","Slovenia",81.000000000,""
"Gonorrhoea","Confirmed cases","Reported cases","N","2016","SK","Slovakia",278.000000000,""
"Gonorrhoea","Confirmed cases","Reported cases","N","2016","TR","Türkiye",83.000000000,""
"Gonorrhoea","Confirmed cases","Reported cases","N","2016","UK","United Kingdom",40499.000000000,""
"Gonorrhoea","Confirmed cases","Reported cases","N","2016","XK","Kosovo",0.000000000,""
"Gonorrhoea","Confirmed cases","Reported cases","N","2017","AL","Albania",0.000000000,""
"Gonorrhoea","Confirmed cases","Reported cases","N","2017","BE","Belgium",2271.000000000,""
"Gonorrhoea","Confirmed cases","Reported cases","N","2017","BG","Bulgaria",67.000000000,""
"Gonorrhoea","Confirmed cases","Reported cases","N","2017","CY","Cyprus",2.000000000,""
"Gonorrhoea","Confirmed cases","Reported cases","N","2017","CZ","Czechia",1394.000000000,""
"Gonorrhoea","Confirmed cases","Reported cases","N","2017","DK","Denmark",3526.000000000,""
"Gonorrhoea","Confirmed cases","Reported cases","N","2017","EE","Estonia",56.000000000,""
"Gonorrhoea","Confirmed cases","Reported cases","N","2017","EL","Greece",129.000000000,""
"Gonorrhoea","Confirmed cases","Reported cases","N","2017","ES","Spain",8200.000000000,""
"Gonorrhoea","Confirmed cases","Reported cases","N","2017","EU27_21","EU (without UK)",40447.000000000,""
"Gonorrhoea","Confirmed cases","Reported cases","N","2017","EU27_UK_21","EU (with UK until 2019)",89603.000000000,""
"Gonorrhoea","Confirmed cases","Reported cases","N","2017","EUEEA30_21","EU/EEA (without UK)",41944.000000000,""
"Gonorrhoea","Confirmed cases","Reported cases","N","2017","EUEEAUK_21","EU/EEA (with UK until 2019)",91100.000000000,""
"Gonorrhoea","Confirmed cases","Reported cases","N","2017","FI","Finland",598.000000000,""
"Gonorrhoea","Confirmed cases","Reported cases","N","2017","FR","France",9177.000000000,""
"Gonorrhoea","Confirmed cases","Reported cases","N","2017","HR","Croatia",30.000000000,""
"Gonorrhoea","Confirmed cases","Reported cases","N","2017","HU","Hungary",1030.000000000,""
"Gonorrhoea","Confirmed cases","Reported cases","N","2017","IE","Ireland",2250.000000000,""
"Gonorrhoea","Confirmed cases","Reported cases","N","2017","IS","Iceland",98.000000000,""
"Gonorrhoea","Confirmed cases","Reported cases","N","2017","IT","Italy",850.000000000,""
"Gonorrhoea","Confirmed cases","Reported cases","N","2017","LT","Lithuania",70.000000000,""
"Gonorrhoea","Confirmed cases","Reported cases","N","2017","LU","Luxembourg",12.000000000,""
"Gonorrhoea","Confirmed cases","Reported cases","N","2017","LV","Latvia",181.000000000,""
"Gonorrhoea","Confirmed cases","Reported cases","N","2017","ME","Montenegro",4.000000000,""
"Gonorrhoea","Confirmed cases","Reported cases","N","2017","MK","North Macedonia",4.000000000,""
"Gonorrhoea","Confirmed cases","Reported cases","N","2017","MT","Malta",105.000000000,""
"Gonorrhoea","Confirmed cases","Reported cases","N","2017","NL","Netherlands",6794.000000000,""
"Gonorrhoea","Confirmed cases","Reported cases","N","2017","NO","Norway",1399.000000000,""
"Gonorrhoea","Confirmed cases","Reported cases","N","2017","PL","Poland",138.000000000,""
"Gonorrhoea","Confirmed cases","Reported cases","N","2017","PT","Portugal",474.000000000,""
"Gonorrhoea","Confirmed cases","Reported cases","N","2017","RO","Romania",77.000000000,""
"Gonorrhoea","Confirmed cases","Reported cases","N","2017","RS","Serbia",81.000000000,""
"Gonorrhoea","Confirmed cases","Reported cases","N","2017","SE","Sweden",2518.000000000,""
"Gonorrhoea","Confirmed cases","Reported cases","N","2017","SI","Slovenia",113.000000000,""
"Gonorrhoea","Confirmed cases","Reported cases","N","2017","SK","Slovakia",385.000000000,""
"Gonorrhoea","Confirmed cases","Reported cases","N","2017","TR","Türkiye",131.000000000,""
"Gonorrhoea","Confirmed cases","Reported cases","N","2017","UK","United Kingdom",49156.000000000,""
"Gonorrhoea","Confirmed cases","Reported cases","N","2017","XK","Kosovo",0.000000000,""
"Gonorrhoea","Confirmed cases","Reported cases","N","2018","AL","Albania",8.000000000,""
"Gonorrhoea","Confirmed cases","Reported cases","N","2018","BE","Belgium",2822.000000000,""
"Gonorrhoea","Confirmed cases","Reported cases","N","2018","BG","Bulgaria",39.000000000,""
"Gonorrhoea","Confirmed cases","Reported cases","N","2018","CY","Cyprus",3.000000000,""
"Gonorrhoea","Confirmed cases","Reported cases","N","2018","CZ","Czechia",1428.000000000,""
"Gonorrhoea","Confirmed cases","Reported cases","N","2018","DK","Denmark",3339.000000000,""
"Gonorrhoea","Confirmed cases","Reported cases","N","2018","EE","Estonia",53.000000000,""
"Gonorrhoea","Confirmed cases","Reported cases","N","2018","EL","Greece",147.000000000,""
"Gonorrhoea","Confirmed cases","Reported cases","N","2018","ES","Spain",10505.000000000,""
"Gonorrhoea","Confirmed cases","Reported cases","N","2018","EU27_21","EU (without UK)",38461.000000000,""
"Gonorrhoea","Confirmed cases","Reported cases","N","2018","EU27_UK_21","EU (with UK until 2019)",100236.000000000,""
"Gonorrhoea","Confirmed cases","Reported cases","N","2018","EUEEA30_21","EU/EEA (without UK)",40224.000000000,""
"Gonorrhoea","Confirmed cases","Reported cases","N","2018","EUEEAUK_21","EU/EEA (with UK until 2019)",101999.000000000,""
"Gonorrhoea","Confirmed cases","Reported cases","N","2018","FI","Finland",501.000000000,""
"Gonorrhoea","Confirmed cases","Reported cases","N","2018","FR","France",3990.000000000,""
"Gonorrhoea","Confirmed cases","Reported cases","N","2018","HR","Croatia",38.000000000,""
"Gonorrhoea","Confirmed cases","Reported cases","N","2018","HU","Hungary",1249.000000000,""
"Gonorrhoea","Confirmed cases","Reported cases","N","2018","IE","Ireland",2412.000000000,""
"Gonorrhoea","Confirmed cases","Reported cases","N","2018","IS","Iceland",104.000000000,""
"Gonorrhoea","Confirmed cases","Reported cases","N","2018","IT","Italy",905.000000000,""
"Gonorrhoea","Confirmed cases","Reported cases","N","2018","LT","Lithuania",72.000000000,""
"Gonorrhoea","Confirmed cases","Reported cases","N","2018","LU","Luxembourg",15.000000000,""
"Gonorrhoea","Confirmed cases","Reported cases","N","2018","LV","Latvia",162.000000000,""
"Gonorrhoea","Confirmed cases","Reported cases","N","2018","ME","Montenegro",4.000000000,""
"Gonorrhoea","Confirmed cases","Reported cases","N","2018","MK","North Macedonia",1.000000000,""
"Gonorrhoea","Confirmed cases","Reported cases","N","2018","MT","Malta",121.000000000,""
"Gonorrhoea","Confirmed cases","Reported cases","N","2018","NL","Netherlands",6424.000000000,""
"Gonorrhoea","Confirmed cases","Reported cases","N","2018","NO","Norway",1659.000000000,""
"Gonorrhoea","Confirmed cases","Reported cases","N","2018","PL","Poland",185.000000000,""
"Gonorrhoea","Confirmed cases","Reported cases","N","2018","PT","Portugal",846.000000000,""
"Gonorrhoea","Confirmed cases","Reported cases","N","2018","RO","Romania",46.000000000,""
"Gonorrhoea","Confirmed cases","Reported cases","N","2018","RS","Serbia",71.000000000,""
"Gonorrhoea","Confirmed cases","Reported cases","N","2018","SE","Sweden",2717.000000000,""
"Gonorrhoea","Confirmed cases","Reported cases","N","2018","SI","Slovenia",157.000000000,""
"Gonorrhoea","Confirmed cases","Reported cases","N","2018","SK","Slovakia",285.000000000,""
"Gonorrhoea","Confirmed cases","Reported cases","N","2018","TR","Türkiye",86.000000000,""
"Gonorrhoea","Confirmed cases","Reported cases","N","2018","UK","United Kingdom",61775.000000000,""
"Gonorrhoea","Confirmed cases","Reported cases","N","2018","XK","Kosovo",6.000000000,""
"Gonorrhoea","Confirmed cases","Reported cases","N","2019","AL","Albania",0.000000000,""
"Gonorrhoea","Confirmed cases","Reported cases","N","2019","BE","Belgium",2635.000000000,""
"Gonorrhoea","Confirmed cases","Reported cases","N","2019","BG","Bulgaria",22.000000000,""
"Gonorrhoea","Confirmed cases","Reported cases","N","2019","CY","Cyprus",2.000000000,""
"Gonorrhoea","Confirmed cases","Reported cases","N","2019","CZ","Czechia",1642.000000000,""
"Gonorrhoea","Confirmed cases","Reported cases","N","2019","DK","Denmark",3363.000000000,""
"Gonorrhoea","Confirmed cases","Reported cases","N","2019","EE","Estonia",78.000000000,""
"Gonorrhoea","Confirmed cases","Reported cases","N","2019","EL","Greece",201.000000000,""
"Gonorrhoea","Confirmed cases","Reported cases","N","2019","ES","Spain",10226.000000000,""
"Gonorrhoea","Confirmed cases","Reported cases","N","2019","EU27_21","EU (without UK)",39966.000000000,""
"Gonorrhoea","Confirmed cases","Reported cases","N","2019","EU27_UK_21","EU (with UK until 2019)",117312.000000000,""
"Gonorrhoea","Confirmed cases","Reported cases","N","2019","EUEEA30_21","EU/EEA (without UK)",41792.000000000,""
"Gonorrhoea","Confirmed cases","Reported cases","N","2019","EUEEAUK_21","EU/EEA (with UK until 2019)",119138.000000000,""
"Gonorrhoea","Confirmed cases","Reported cases","N","2019","FI","Finland",605.000000000,""
"Gonorrhoea","Confirmed cases","Reported cases","N","2019","FR","France",3611.000000000,""
"Gonorrhoea","Confirmed cases","Reported cases","N","2019","HR","Croatia",40.000000000,""
"Gonorrhoea","Confirmed cases","Reported cases","N","2019","HU","Hungary",1348.000000000,""
"Gonorrhoea","Confirmed cases","Reported cases","N","2019","IE","Ireland",2811.000000000,""
"Gonorrhoea","Confirmed cases","Reported cases","N","2019","IS","Iceland",122.000000000,""
"Gonorrhoea","Confirmed cases","Reported cases","N","2019","IT","Italy",813.000000000,""
"Gonorrhoea","Confirmed cases","Reported cases","N","2019","LT","Lithuania",56.000000000,""
"Gonorrhoea","Confirmed cases","Reported cases","N","2019","LU","Luxembourg",24.000000000,""
"Gonorrhoea","Confirmed cases","Reported cases","N","2019","LV","Latvia",132.000000000,""
"Gonorrhoea","Confirmed cases","Reported cases","N","2019","ME","Montenegro",3.000000000,""
"Gonorrhoea","Confirmed cases","Reported cases","N","2019","MK","North Macedonia",14.000000000,""
"Gonorrhoea","Confirmed cases","Reported cases","N","2019","MT","Malta",161.000000000,""
"Gonorrhoea","Confirmed cases","Reported cases","N","2019","NL","Netherlands",6917.000000000,""
"Gonorrhoea","Confirmed cases","Reported cases","N","2019","NO","Norway",1704.000000000,""
"Gonorrhoea","Confirmed cases","Reported cases","N","2019","PL","Poland",281.000000000,""
"Gonorrhoea","Confirmed cases","Reported cases","N","2019","PT","Portugal",1128.000000000,""
"Gonorrhoea","Confirmed cases","Reported cases","N","2019","RO","Romania",33.000000000,""
"Gonorrhoea","Confirmed cases","Reported cases","N","2019","RS","Serbia",107.000000000,""
"Gonorrhoea","Confirmed cases","Reported cases","N","2019","SE","Sweden",3245.000000000,""
"Gonorrhoea","Confirmed cases","Reported cases","N","2019","SI","Slovenia",223.000000000,""
"Gonorrhoea","Confirmed cases","Reported cases","N","2019","SK","Slovakia",369.000000000,""
"Gonorrhoea","Confirmed cases","Reported cases","N","2019","UK","United Kingdom",77346.000000000,""
"Gonorrhoea","Confirmed cases","Reported cases","N","2019","XK","Kosovo",3.000000000,""
"Gonorrhoea","Confirmed cases","Reported cases","N","2020","AL","Albania",0.000000000,""
"Gonorrhoea","Confirmed cases","Reported cases","N","2020","BE","Belgium",1707.000000000,""
"Gonorrhoea","Confirmed cases","Reported cases","N","2020","BG","Bulgaria",17.000000000,""
"Gonorrhoea","Confirmed cases","Reported cases","N","2020","CY","Cyprus",7.000000000,""
"Gonorrhoea","Confirmed cases","Reported cases","N","2020","CZ","Czechia",1672.000000000,""
"Gonorrhoea","Confirmed cases","Reported cases","N","2020","DK","Denmark",3550.000000000,""
"Gonorrhoea","Confirmed cases","Reported cases","N","2020","EE","Estonia",22.000000000,""
"Gonorrhoea","Confirmed cases","Reported cases","N","2020","EL","Greece",161.000000000,""
"Gonorrhoea","Confirmed cases","Reported cases","N","2020","ES","Spain",10306.000000000,""
"Gonorrhoea","Confirmed cases","Reported cases","N","2020","EU27_21","EU (without UK)",38909.000000000,""
"Gonorrhoea","Confirmed cases","Reported cases","N","2020","EU27_UK_21","EU (with UK until 2019)",38909.000000000,""
"Gonorrhoea","Confirmed cases","Reported cases","N","2020","EUEEA30_21","EU/EEA (without UK)",40051.000000000,""
"Gonorrhoea","Confirmed cases","Reported cases","N","2020","EUEEAUK_21","EU/EEA (with UK until 2019)",40051.000000000,""
"Gonorrhoea","Confirmed cases","Reported cases","N","2020","FI","Finland",482.000000000,""
"Gonorrhoea","Confirmed cases","Reported cases","N","2020","FR","France",5398.000000000,""
"Gonorrhoea","Confirmed cases","Reported cases","N","2020","HR","Croatia",13.000000000,""
"Gonorrhoea","Confirmed cases","Reported cases","N","2020","HU","Hungary",1261.000000000,""
"Gonorrhoea","Confirmed cases","Reported cases","N","2020","IE","Ireland",2061.000000000,""
"Gonorrhoea","Confirmed cases","Reported cases","N","2020","IS","Iceland",93.000000000,""
"Gonorrhoea","Confirmed cases","Reported cases","N","2020","IT","Italy",333.000000000,""
"Gonorrhoea","Confirmed cases","Reported cases","N","2020","LI","Liechtenstein",4.000000000,""
"Gonorrhoea","Confirmed cases","Reported cases","N","2020","LT","Lithuania",31.000000000,""
"Gonorrhoea","Confirmed cases","Reported cases","N","2020","LU","Luxembourg",311.000000000,""
"Gonorrhoea","Confirmed cases","Reported cases","N","2020","LV","Latvia",109.000000000,""
"Gonorrhoea","Confirmed cases","Reported cases","N","2020","ME","Montenegro",0.000000000,""
"Gonorrhoea","Confirmed cases","Reported cases","N","2020","MK","North Macedonia",23.000000000,""
"Gonorrhoea","Confirmed cases","Reported cases","N","2020","MT","Malta",94.000000000,""
"Gonorrhoea","Confirmed cases","Reported cases","N","2020","NL","Netherlands",6826.000000000,""
"Gonorrhoea","Confirmed cases","Reported cases","N","2020","NO","Norway",1045.000000000,""
"Gonorrhoea","Confirmed cases","Reported cases","N","2020","PL","Poland",246.000000000,""
"Gonorrhoea","Confirmed cases","Reported cases","N","2020","PT","Portugal",1068.000000000,""
"Gonorrhoea","Confirmed cases","Reported cases","N","2020","RO","Romania",10.000000000,""
"Gonorrhoea","Confirmed cases","Reported cases","N","2020","RS","Serbia",54.000000000,""
"Gonorrhoea","Confirmed cases","Reported cases","N","2020","SE","Sweden",2692.000000000,""
"Gonorrhoea","Confirmed cases","Reported cases","N","2020","SI","Slovenia",213.000000000,""
"Gonorrhoea","Confirmed cases","Reported cases","N","2020","SK","Slovakia",319.000000000,""
"Gonorrhoea","Confirmed cases","Reported cases","N","2020","XK","Kosovo",1.000000000,""
"Gonorrhoea","Confirmed cases","Reported cases","N","2021","AL","Albania",0.000000000,""
"Gonorrhoea","Confirmed cases","Reported cases","N","2021","BE","Belgium",3964.000000000,""
"Gonorrhoea","Confirmed cases","Reported cases","N","2021","BG","Bulgaria",3.000000000,""
"Gonorrhoea","Confirmed cases","Reported cases","N","2021","CY","Cyprus",5.000000000,""
"Gonorrhoea","Confirmed cases","Reported cases","N","2021","CZ","Czechia",1829.000000000,""
"Gonorrhoea","Confirmed cases","Reported cases","N","2021","DK","Denmark",3611.000000000,""
"Gonorrhoea","Confirmed cases","Reported cases","N","2021","EE","Estonia",54.000000000,""
"Gonorrhoea","Confirmed cases","Reported cases","N","2021","EL","Greece",246.000000000,""
"Gonorrhoea","Confirmed cases","Reported cases","N","2021","ES","Spain",14605.000000000,""
"Gonorrhoea","Confirmed cases","Reported cases","N","2021","EU27_21","EU (without UK)",50112.000000000,""
"Gonorrhoea","Confirmed cases","Reported cases","N","2021","EU27_UK_21","EU (with UK until 2019)",50112.000000000,""
"Gonorrhoea","Confirmed cases","Reported cases","N","2021","EUEEA30_21","EU/EEA (without UK)",50777.000000000,""
"Gonorrhoea","Confirmed cases","Reported cases","N","2021","EUEEAUK_21","EU/EEA (with UK until 2019)",50777.000000000,""
"Gonorrhoea","Confirmed cases","Reported cases","N","2021","FI","Finland",510.000000000,""
"Gonorrhoea","Confirmed cases","Reported cases","N","2021","FR","France",7077.000000000,""
"Gonorrhoea","Confirmed cases","Reported cases","N","2021","HR","Croatia",17.000000000,""
"Gonorrhoea","Confirmed cases","Reported cases","N","2021","HU","Hungary",1309.000000000,""
"Gonorrhoea","Confirmed cases","Reported cases","N","2021","IE","Ireland",2349.000000000,""
"Gonorrhoea","Confirmed cases","Reported cases","N","2021","IS","Iceland",105.000000000,""
"Gonorrhoea","Confirmed cases","Reported cases","N","2021","IT","Italy",849.000000000,""
"Gonorrhoea","Confirmed cases","Reported cases","N","2021","LI","Liechtenstein",5.000000000,""
"Gonorrhoea","Confirmed cases","Reported cases","N","2021","LT","Lithuania",30.000000000,""
"Gonorrhoea","Confirmed cases","Reported cases","N","2021","LU","Luxembourg",417.000000000,""
"Gonorrhoea","Confirmed cases","Reported cases","N","2021","LV","Latvia",70.000000000,""
"Gonorrhoea","Confirmed cases","Reported cases","N","2021","ME","Montenegro",0.000000000,""
"Gonorrhoea","Confirmed cases","Reported cases","N","2021","MK","North Macedonia",11.000000000,""
"Gonorrhoea","Confirmed cases","Reported cases","N","2021","MT","Malta",240.000000000,""
"Gonorrhoea","Confirmed cases","Reported cases","N","2021","NL","Netherlands",7966.000000000,""
"Gonorrhoea","Confirmed cases","Reported cases","N","2021","NO","Norway",555.000000000,""
"Gonorrhoea","Confirmed cases","Reported cases","N","2021","PL","Poland",287.000000000,""
"Gonorrhoea","Confirmed cases","Reported cases","N","2021","PT","Portugal",1253.000000000,""
"Gonorrhoea","Confirmed cases","Reported cases","N","2021","RO","Romania",22.000000000,""
"Gonorrhoea","Confirmed cases","Reported cases","N","2021","RS","Serbia",106.000000000,""
"Gonorrhoea","Confirmed cases","Reported cases","N","2021","SE","Sweden",2693.000000000,""
"Gonorrhoea","Confirmed cases","Reported cases","N","2021","SI","Slovenia",292.000000000,""
"Gonorrhoea","Confirmed cases","Reported cases","N","2021","SK","Slovakia",414.000000000,""
"Gonorrhoea","Confirmed cases","Reported cases","N","2021","XK","Kosovo",0.000000000,""
"Gonorrhoea","Confirmed cases","Reported cases","N","2022","BE","Belgium",4523.000000000,""
"Gonorrhoea","Confirmed cases","Reported cases","N","2022","BG","Bulgaria",23.000000000,""
"Gonorrhoea","Confirmed cases","Reported cases","N","2022","CY","Cyprus",13.000000000,""
"Gonorrhoea","Confirmed cases","Reported cases","N","2022","CZ","Czechia",2058.000000000,""
"Gonorrhoea","Confirmed cases","Reported cases","N","2022","DK","Denmark",5259.000000000,""
"Gonorrhoea","Confirmed cases","Reported cases","N","2022","EE","Estonia",117.000000000,""
"Gonorrhoea","Confirmed cases","Reported cases","N","2022","EL","Greece",360.000000000,""
"Gonorrhoea","Confirmed cases","Reported cases","N","2022","ES","Spain",25157.000000000,""
"Gonorrhoea","Confirmed cases","Reported cases","N","2022","EU27_21","EU (without UK)",73039.000000000,""
"Gonorrhoea","Confirmed cases","Reported cases","N","2022","EU27_UK_21","EU (with UK until 2019)",73039.000000000,""
"Gonorrhoea","Confirmed cases","Reported cases","N","2022","EUEEA30_21","EU/EEA (without UK)",75065.000000000,""
"Gonorrhoea","Confirmed cases","Reported cases","N","2022","EUEEAUK_21","EU/EEA (with UK until 2019)",75065.000000000,""
"Gonorrhoea","Confirmed cases","Reported cases","N","2022","FI","Finland",960.000000000,""
"Gonorrhoea","Confirmed cases","Reported cases","N","2022","FR","France",8704.000000000,""
"Gonorrhoea","Confirmed cases","Reported cases","N","2022","HR","Croatia",21.000000000,""
"Gonorrhoea","Confirmed cases","Reported cases","N","2022","HU","Hungary",1156.000000000,""
"Gonorrhoea","Confirmed cases","Reported cases","N","2022","IE","Ireland",4172.000000000,""
"Gonorrhoea","Confirmed cases","Reported cases","N","2022","IS","Iceland",158.000000000,""
"Gonorrhoea","Confirmed cases","Reported cases","N","2022","IT","Italy",1953.000000000,""
"Gonorrhoea","Confirmed cases","Reported cases","N","2022","LI","Liechtenstein",10.000000000,""
"Gonorrhoea","Confirmed cases","Reported cases","N","2022","LT","Lithuania",38.000000000,""
"Gonorrhoea","Confirmed cases","Reported cases","N","2022","LU","Luxembourg",475.000000000,""
"Gonorrhoea","Confirmed cases","Reported cases","N","2022","LV","Latvia",158.000000000,""
"Gonorrhoea","Confirmed cases","Reported cases","N","2022","ME","Montenegro",0.000000000,""
"Gonorrhoea","Confirmed cases","Reported cases","N","2022","MK","North Macedonia",17.000000000,""
"Gonorrhoea","Confirmed cases","Reported cases","N","2022","MT","Malta",228.000000000,""
"Gonorrhoea","Confirmed cases","Reported cases","N","2022","NL","Netherlands",10601.000000000,""
"Gonorrhoea","Confirmed cases","Reported cases","N","2022","NO","Norway",1858.000000000,""
"Gonorrhoea","Confirmed cases","Reported cases","N","2022","PL","Poland",556.000000000,""
"Gonorrhoea","Confirmed cases","Reported cases","N","2022","PT","Portugal",2402.000000000,""
"Gonorrhoea","Confirmed cases","Reported cases","N","2022","RO","Romania",23.000000000,""
"Gonorrhoea","Confirmed cases","Reported cases","N","2022","RS","Serbia",79.000000000,""
"Gonorrhoea","Confirmed cases","Reported cases","N","2022","SE","Sweden",3355.000000000,""
"Gonorrhoea","Confirmed cases","Reported cases","N","2022","SI","Slovenia",333.000000000,""
"Gonorrhoea","Confirmed cases","Reported cases","N","2022","SK","Slovakia",394.000000000,""
"Gonorrhoea","Confirmed cases","Reported cases","N","2022","XK","Kosovo",0.000000000,""
"Gonorrhoea","Confirmed cases","Reported cases","N","2023","BE","Belgium",6622.000000000,""
"Gonorrhoea","Confirmed cases","Reported cases","N","2023","BG","Bulgaria",56.000000000,""
"Gonorrhoea","Confirmed cases","Reported cases","N","2023","CY","Cyprus",25.000000000,""
"Gonorrhoea","Confirmed cases","Reported cases","N","2023","CZ","Czechia",2593.000000000,""
"Gonorrhoea","Confirmed cases","Reported cases","N","2023","DK","Denmark",5579.000000000,""
"Gonorrhoea","Confirmed cases","Reported cases","N","2023","EE","Estonia",137.000000000,""
"Gonorrhoea","Confirmed cases","Reported cases","N","2023","EL","Greece",457.000000000,""
"Gonorrhoea","Confirmed cases","Reported cases","N","2023","ES","Spain",34071.000000000,""
"Gonorrhoea","Confirmed cases","Reported cases","N","2023","EU27_21","EU (without UK)",95942.000000000,""
"Gonorrhoea","Confirmed cases","Reported cases","N","2023","EU27_UK_21","EU (with UK until 2019)",95942.000000000,""
"Gonorrhoea","Confirmed cases","Reported cases","N","2023","EUEEA30_21","EU/EEA (without UK)",99270.000000000,""
"Gonorrhoea","Confirmed cases","Reported cases","N","2023","EUEEAUK_21","EU/EEA (with UK until 2019)",99270.000000000,""
"Gonorrhoea","Confirmed cases","Reported cases","N","2023","FI","Finland",1329.000000000,""
"Gonorrhoea","Confirmed cases","Reported cases","N","2023","FR","France",10723.000000000,""
"Gonorrhoea","Confirmed cases","Reported cases","N","2023","HR","Croatia",26.000000000,""
"Gonorrhoea","Confirmed cases","Reported cases","N","2023","HU","Hungary",1345.000000000,""
"Gonorrhoea","Confirmed cases","Reported cases","N","2023","IE","Ireland",6598.000000000,""
"Gonorrhoea","Confirmed cases","Reported cases","N","2023","IS","Iceland",333.000000000,""
"Gonorrhoea","Confirmed cases","Reported cases","N","2023","IT","Italy",2355.000000000,""
"Gonorrhoea","Confirmed cases","Reported cases","N","2023","LI","Liechtenstein",10.000000000,""
"Gonorrhoea","Confirmed cases","Reported cases","N","2023","LT","Lithuania",38.000000000,""
"Gonorrhoea","Confirmed cases","Reported cases","N","2023","LU","Luxembourg",606.000000000,""
"Gonorrhoea","Confirmed cases","Reported cases","N","2023","LV","Latvia",145.000000000,""
"Gonorrhoea","Confirmed cases","Reported cases","N","2023","ME","Montenegro",7.000000000,""
"Gonorrhoea","Confirmed cases","Reported cases","N","2023","MK","North Macedonia",30.000000000,""
"Gonorrhoea","Confirmed cases","Reported cases","N","2023","MT","Malta",407.000000000,""
"Gonorrhoea","Confirmed cases","Reported cases","N","2023","NL","Netherlands",13853.000000000,""
"Gonorrhoea","Confirmed cases","Reported cases","N","2023","NO","Norway",2985.000000000,""
"Gonorrhoea","Confirmed cases","Reported cases","N","2023","PL","Poland",1209.000000000,""
"Gonorrhoea","Confirmed cases","Reported cases","N","2023","PT","Portugal",2768.000000000,""
"Gonorrhoea","Confirmed cases","Reported cases","N","2023","RO","Romania",30.000000000,""
"Gonorrhoea","Confirmed cases","Reported cases","N","2023","RS","Serbia",120.000000000,""
"Gonorrhoea","Confirmed cases","Reported cases","N","2023","SE","Sweden",4232.000000000,""
"Gonorrhoea","Confirmed cases","Reported cases","N","2023","SI","Slovenia",276.000000000,""
"Gonorrhoea","Confirmed cases","Reported cases","N","2023","SK","Slovakia",462.000000000,""
"Gonorrhoea","Confirmed cases","Reported cases","N","2023","XK","Kosovo",10.000000000,""
"Gonorrhoea","Confirmed cases","Reported cases","N","2024","BE","Belgium",7623.000000000,""
"Gonorrhoea","Confirmed cases","Reported cases","N","2024","BG","Bulgaria",107.000000000,""
"Gonorrhoea","Confirmed cases","Reported cases","N","2024","CY","Cyprus",21.000000000,""
"Gonorrhoea","Confirmed cases","Reported cases","N","2024","CZ","Czechia",2382.000000000,""
"Gonorrhoea","Confirmed cases","Reported cases","N","2024","DK","Denmark",5091.000000000,""
"Gonorrhoea","Confirmed cases","Reported cases","N","2024","EE","Estonia",111.000000000,""
"Gonorrhoea","Confirmed cases","Reported cases","N","2024","EL","Greece",420.000000000,""
"Gonorrhoea","Confirmed cases","Reported cases","N","2024","ES","Spain",37169.000000000,""
"Gonorrhoea","Confirmed cases","Reported cases","N","2024","EU27_21","EU (without UK)",102837.000000000,""
"Gonorrhoea","Confirmed cases","Reported cases","N","2024","EU27_UK_21","EU (with UK until 2019)",102837.000000000,""
"Gonorrhoea","Confirmed cases","Reported cases","N","2024","EUEEA30_21","EU/EEA (without UK)",106331.000000000,""
"Gonorrhoea","Confirmed cases","Reported cases","N","2024","EUEEAUK_21","EU/EEA (with UK until 2019)",106331.000000000,""
"Gonorrhoea","Confirmed cases","Reported cases","N","2024","FI","Finland",1859.000000000,""
"Gonorrhoea","Confirmed cases","Reported cases","N","2024","FR","France",13533.000000000,""
"Gonorrhoea","Confirmed cases","Reported cases","N","2024","HR","Croatia",33.000000000,""
"Gonorrhoea","Confirmed cases","Reported cases","N","2024","HU","Hungary",1471.000000000,""
"Gonorrhoea","Confirmed cases","Reported cases","N","2024","IE","Ireland",5832.000000000,""
"Gonorrhoea","Confirmed cases","Reported cases","N","2024","IS","Iceland",338.000000000,""
"Gonorrhoea","Confirmed cases","Reported cases","N","2024","IT","Italy",3105.000000000,""
"Gonorrhoea","Confirmed cases","Reported cases","N","2024","LI","Liechtenstein",6.000000000,""
"Gonorrhoea","Confirmed cases","Reported cases","N","2024","LT","Lithuania",77.000000000,""
"Gonorrhoea","Confirmed cases","Reported cases","N","2024","LU","Luxembourg",582.000000000,""
"Gonorrhoea","Confirmed cases","Reported cases","N","2024","LV","Latvia",157.000000000,""
"Gonorrhoea","Confirmed cases","Reported cases","N","2024","ME","Montenegro",2.000000000,""
"Gonorrhoea","Confirmed cases","Reported cases","N","2024","MK","North Macedonia",26.000000000,""
"Gonorrhoea","Confirmed cases","Reported cases","N","2024","MT","Malta",505.000000000,""
"Gonorrhoea","Confirmed cases","Reported cases","N","2024","NL","Netherlands",13952.000000000,""
"Gonorrhoea","Confirmed cases","Reported cases","N","2024","NO","Norway",3150.000000000,""
"Gonorrhoea","Confirmed cases","Reported cases","N","2024","PL","Poland",1051.000000000,""
"Gonorrhoea","Confirmed cases","Reported cases","N","2024","PT","Portugal",2764.000000000,""
"Gonorrhoea","Confirmed cases","Reported cases","N","2024","RO","Romania",38.000000000,""
"Gonorrhoea","Confirmed cases","Reported cases","N","2024","RS","Serbia",191.000000000,""
"Gonorrhoea","Confirmed cases","Reported cases","N","2024","SE","Sweden",4348.000000000,""
"Gonorrhoea","Confirmed cases","Reported cases","N","2024","SI","Slovenia",194.000000000,""
"Gonorrhoea","Confirmed cases","Reported cases","N","2024","SK","Slovakia",412.000000000,""
"Gonorrhoea","Confirmed cases","Reported cases","N","2024","XK","Kosovo",26.000000000,""
